step,current_source,target_source,PD_count,N,pred_pos_finite,pred_cov_finite,renderer_finite,position_continuity_exact,template_boundary,step_displacement_p50_m,step_displacement_p95_m,step_displacement_p99_m,step_displacement_max_m,from_initial_p50_m,from_initial_p95_m,from_initial_p99_m,from_initial_max_m,l2,l1,ssim,psnr,023_cam0_render_min,023_cam0_render_max,023_cam0_render_mean,009_cam1_render_min,009_cam1_render_max,009_cam1_render_mean
1,113,114,12861,12861,True,True,True,True,False,0.0010594103951007128,0.029624449089169502,0.04062970057129859,0.044271085411310196,0.0010594103951007128,0.029624449089169502,0.04062970057129859,0.044271085411310196,0.019414294511079788,0.03063800185918808,0.9793593883514404,25.776409149169922,0.0,0.946943998336792,0.09830448776483536,0.0,0.9505571722984314,0.05759676918387413
2,114,115,12861,12861,True,True,True,True,False,0.0026845324318856,0.016026880592107773,0.018532459065318106,0.023945767432451248,0.0028599451761692762,0.044668857008218765,0.05797347426414488,0.06286603957414627,0.018187033012509346,0.028635889291763306,0.9795337319374084,26.56324005126953,0.0,0.9447842836380005,0.09816450625658035,0.0,0.9523955583572388,0.05668850243091583
3,115,116,12861,12861,True,True,True,True,False,0.002594618359580636,0.006903793662786484,0.008913113549351682,0.012083390727639198,0.0049546039663255215,0.049019068479537964,0.06145102381706236,0.06476782262325287,0.018164603039622307,0.02852363884449005,0.9786969423294067,26.939945220947266,0.0,0.9579550623893738,0.0978248119354248,0.0,0.9512923955917358,0.0569688118994236
4,116,117,12861,12861,True,True,True,True,False,0.0014177863486111164,0.0044079008512198925,0.006265508010983462,0.010441387072205544,0.005757411941885948,0.05044150725007057,0.06441394388675689,0.06842634826898575,0.01859564147889614,0.029180733487010002,0.9780486226081848,26.862382888793945,0.0,0.9528329968452454,0.09745513647794724,0.0,0.9517446756362915,0.05662468820810318
5,117,118,12861,12861,True,True,True,True,False,0.0012223911471664906,0.004093383438885212,0.005591111443936821,0.015808187425136566,0.0059513673186302185,0.049494627863168716,0.06014405637979507,0.06332729011774063,0.018689680844545364,0.029340334236621857,0.9778041839599609,26.815916061401367,0.0,0.9584354162216187,0.09794711321592331,0.0,0.9567743539810181,0.05674571171402931
6,118,119,12861,12861,True,True,True,True,False,0.0010576826753094792,0.002689344808459282,0.00371092865243554,0.01307913102209568,0.006234590895473957,0.04947233945131302,0.06099921166896817,0.06418047100305557,0.018607240170240402,0.029216483235359192,0.9780983924865723,26.85573959350586,0.0,0.9646270871162415,0.09749850630760193,0.0,0.9525267481803894,0.056352708488702774
7,119,120,12861,12861,True,True,True,True,False,0.0008703406201675534,0.0028152321465313435,0.00411401819437742,0.010365067049860954,0.0060972957871854305,0.04874478280544281,0.058537502586841574,0.06221875175833702,0.018433239310979843,0.02892407588660717,0.9772838354110718,27.048873901367188,0.0,0.9627164602279663,0.09767192602157593,0.0,0.9558818340301514,0.056343480944633484
8,120,121,12861,12861,True,True,True,True,False,0.000949583132751286,0.0026427709963172674,0.004621565900743004,0.013665053062140942,0.006504418328404427,0.048154935240745544,0.05859858542680739,0.06287889927625656,0.01843976601958275,0.028960786759853363,0.9774817228317261,26.987369537353516,0.0,0.9587016701698303,0.09778841584920883,0.0,0.9541390538215637,0.056131619960069656
9,121,122,12861,12861,True,True,True,True,False,0.0010508145205676556,0.0024043419398367405,0.003848930262029164,0.006529634818434715,0.006240192335098982,0.04741472750902176,0.057455250620841974,0.06126980483531952,0.018303662538528442,0.02871139720082283,0.9778878688812256,27.08065414428711,0.0,0.9633402228355408,0.09788919985294342,0.0,0.9541765451431274,0.05629715695977211
10,122,123,12861,12861,True,True,True,True,False,0.0009976556757465005,0.003056816291064024,0.004080719407647848,0.009878017008304596,0.006101187318563461,0.047207802534103394,0.058014994859695405,0.06237344443798065,0.018611781299114227,0.02920624613761902,0.9776102304458618,26.90604591369629,0.0,0.9618587493896484,0.09799223393201828,0.0,0.9552894830703735,0.05651162192225456
11,123,124,12861,12861,True,True,True,True,True,0.0007290086941793561,0.002162719378247857,0.0029838250018656243,0.008468198589980602,0.006417854689061642,0.04710764437913895,0.058933854848146436,0.06390860676765442,0.018778333440423012,0.02944834716618061,0.9771809577941895,26.77298927307129,0.0,0.9622557759284973,0.09779530018568039,0.0,0.9595552086830139,0.056124888360500336
12,124,125,12861,12861,True,True,True,True,False,0.0003771924239117652,0.0014285912038758397,0.001945670042186975,0.003625964978709817,0.006416190881282091,0.04657204821705818,0.057278651744127274,0.06185900419950485,0.018677793443202972,0.029298504814505577,0.9773281812667847,26.830310821533203,0.0,0.9593417048454285,0.09795986860990524,0.0,0.96047043800354,0.05586438253521919
13,125,126,12861,12861,True,True,True,True,False,0.00040243376861326396,0.0014046670403331518,0.0022273692302405826,0.0060975076630711555,0.006480303592979908,0.04616161063313484,0.05766482725739479,0.06250840425491333,0.018840570002794266,0.02955692633986473,0.9771488904953003,26.71108627319336,0.0,0.9596596360206604,0.09808926284313202,0.0,0.9585665464401245,0.05614021420478821
14,126,127,12861,12861,True,True,True,True,False,0.00048225445789285004,0.0014409617288038135,0.002313474612310528,0.003067450365051627,0.006492888554930687,0.046012431383132935,0.05643302649259567,0.06108006834983826,0.018850648775696754,0.02957485057413578,0.9771720170974731,26.71581268310547,0.0,0.9594303965568542,0.09808006137609482,0.0,0.95572429895401,0.05598340183496475
15,127,128,12861,12861,True,True,True,True,False,0.000502060167491436,0.001449915929697454,0.0024069160688668487,0.007172231562435627,0.0064391568303108215,0.045476168394088745,0.05657595321536064,0.06156766414642334,0.018836751580238342,0.029564019292593002,0.977117657661438,26.687175750732422,0.0,0.962226390838623,0.09837859123945236,0.0,0.9614935517311096,0.05594808980822563
16,128,129,12861,12861,True,True,True,True,False,0.000338652083883062,0.0012149467365816236,0.0016685569658875452,0.010781470686197281,0.0064364089630544186,0.045092321932315826,0.05550782307982444,0.060497138649225235,0.019079728052020073,0.029965795576572418,0.9771084189414978,26.56123924255371,0.0,0.9572358131408691,0.09836451709270477,0.0,0.960961639881134,0.0556325726211071
17,129,130,12861,12861,True,True,True,True,False,0.00042745997780002654,0.0010760313598439097,0.0016120966058224403,0.017798082903027534,0.006233558990061283,0.04488668590784073,0.05578509867191312,0.060640569776296616,0.019298747181892395,0.03032870590686798,0.9769089221954346,26.45184898376465,0.0,0.962822675704956,0.0984342023730278,0.0,0.9606297016143799,0.05585625395178795
18,130,131,12861,12861,True,True,True,True,False,0.00034002502798102796,0.0011987693142145872,0.0016350564314052461,0.002446933649480343,0.006329139694571495,0.044354457408189774,0.05504595339298248,0.05971414968371391,0.019297854974865913,0.030342916026711464,0.9769904613494873,26.44171142578125,0.0,0.957626223564148,0.09854210913181305,0.0,0.956226646900177,0.05536039546132088
19,131,132,12861,12861,True,True,True,True,False,0.00027581420727074146,0.0011330421548336744,0.0018658716930076468,0.006823176518082619,0.00628755334764719,0.044353172183036804,0.05505632683634757,0.060136180371046066,0.019429024308919907,0.030546102672815323,0.9760802984237671,26.402067184448242,0.0,0.9594850540161133,0.09857834130525589,0.0,0.9583134651184082,0.055312465876340866
20,132,133,12861,12861,True,True,True,True,False,0.00032473550527356565,0.0010950845899060369,0.001642523636110127,0.009952345862984657,0.006485032849013805,0.04491119831800461,0.05562280043959617,0.06009891629219055,0.019324928522109985,0.030404802411794662,0.976385235786438,26.467166900634766,0.0,0.9596526026725769,0.09872552007436752,0.0,0.9580520391464233,0.05492905154824257
21,133,134,12861,12861,True,True,True,True,True,0.0007760725566186011,0.002175981178879738,0.0029414501041173926,0.005949812475591898,0.006837671622633934,0.04468763247132301,0.0559224374592304,0.061130743473768234,0.019785089418292046,0.03113868646323681,0.9759142398834229,26.244762420654297,0.0,0.9588656425476074,0.09874771535396576,0.0,0.963848352432251,0.054822612553834915
22,134,135,12861,12861,True,True,True,True,False,0.00038080374361015856,0.0014803089434280992,0.002153274975717067,0.0037126480601727962,0.0068471599370241165,0.04425608739256859,0.05448830500245094,0.05951965972781181,0.01964597776532173,0.030924521386623383,0.976076066493988,26.276683807373047,0.0,0.9556947350502014,0.09880954027175903,0.0,0.9651399850845337,0.054580166935920715
23,135,136,12861,12861,True,True,True,True,False,0.0003422657900955528,0.0016180076636373997,0.0027924352791160343,0.003976790234446526,0.006881085690110922,0.04412919282913208,0.054658257216215124,0.059842199087142944,0.019663110375404358,0.030962787568569183,0.9759893417358398,26.248703002929688,0.0,0.9567724466323853,0.09902309626340866,0.0,0.9654373526573181,0.05466107279062271
24,136,137,12861,12861,True,True,True,True,False,0.000367777596693486,0.0009506390779279172,0.0016829839209094638,0.003277543932199478,0.006695844233036041,0.043848853558301926,0.05415577888488769,0.05927320942282677,0.01964631862938404,0.03094588592648506,0.9759940505027771,26.234325408935547,0.0,0.9557134509086609,0.09910036623477936,0.0,0.9632536768913269,0.054805535823106766
25,137,138,12861,12861,True,True,True,True,False,0.0005162558518350124,0.0011661858297884464,0.0017649446614086575,0.003109615296125412,0.006886587478220463,0.04361032694578171,0.054601997137069695,0.05998079851269722,0.019714564085006714,0.031072180718183517,0.9759383201599121,26.221534729003906,0.0,0.9583885073661804,0.09924700856208801,0.0,0.9623128771781921,0.054582517594099045
26,138,139,12861,12861,True,True,True,True,False,0.0004360094026196748,0.0010324297472834587,0.002736924216151237,0.0038022345397621393,0.006680807564407587,0.04335265979170799,0.053626258671283705,0.058826688677072525,0.019765770062804222,0.031172074377536774,0.9759637117385864,26.187145233154297,0.0,0.9593482613563538,0.09930619597434998,0.0,0.9632160067558289,0.05471013858914375
27,139,140,12861,12861,True,True,True,True,False,0.0006320609245449305,0.001715802471153438,0.0021422221325337887,0.0030543850734829903,0.0068608298897743225,0.04202551022171974,0.053133038431406,0.058674056082963943,0.02000558003783226,0.03156537190079689,0.9757480621337891,26.116029739379883,0.0,0.958343505859375,0.09939513355493546,0.0,0.9633135795593262,0.054448071867227554
28,140,141,12861,12861,True,True,True,True,False,0.0005719033069908619,0.0020830128341913223,0.0031108630355447526,0.004116727504879236,0.006808598060160875,0.04084925353527069,0.051291246712207784,0.056041210889816284,0.01992453634738922,0.03142791986465454,0.9759501814842224,26.127552032470703,0.0,0.9592182040214539,0.099469855427742,0.0,0.963654637336731,0.054301097989082336
29,141,142,12861,12861,True,True,True,True,False,0.0005687839584425092,0.0018545319326221943,0.002337300777435303,0.004534988198429346,0.006953744683414698,0.039484377950429916,0.05003201887011526,0.054050564765930176,0.01990225538611412,0.03140130266547203,0.9760582447052002,26.133668899536133,0.0,0.9610653519630432,0.09970501810312271,0.0,0.9655836820602417,0.05371259152889252
30,142,143,12861,12861,True,True,True,True,False,0.0006259458605200052,0.0018489848589524627,0.002884897077456116,0.0045327674597501755,0.006932531949132681,0.038538701832294464,0.04902673885226249,0.05392688885331154,0.020028380677103996,0.03160769119858742,0.97588050365448,26.06421661376953,0.0,0.9651380777359009,0.09988217800855637,0.0,0.9648083448410034,0.053471121937036514
31,143,144,12861,12861,True,True,True,True,True,0.0008941836422309279,0.0026303408667445183,0.003604620415717363,0.009710684418678284,0.007436045911163092,0.0382336787879467,0.04818872213363647,0.05330240726470947,0.020860183984041214,0.03291425108909607,0.9744411706924438,25.709644317626953,0.0,0.9643515348434448,0.10012928396463394,0.0,0.9804959297180176,0.0534578338265419
32,144,145,12861,12861,True,True,True,True,False,0.000594200799241662,0.0022221908438950777,0.0028229178860783564,0.006507213227450848,0.007524796761572361,0.03791201114654541,0.04707956612110137,0.05149947851896286,0.020962603390216827,0.033102430403232574,0.9745880365371704,25.63421630859375,0.0,0.9653724431991577,0.10029276460409164,0.0,0.9790297150611877,0.05306338146328926
33,145,146,12861,12861,True,True,True,True,False,0.0004732792149297893,0.002176490845158696,0.003370892442762851,0.004280875902622938,0.007497190032154322,0.038132790476083755,0.04667122289538383,0.050910744816064835,0.020975040271878242,0.03311065211892128,0.9748513698577881,25.67725372314453,0.0,0.9623457789421082,0.10055915266275406,0.0,0.9917721748352051,0.05332043766975403
34,146,147,12861,12861,True,True,True,True,False,0.00047625930164940655,0.0033982847817242146,0.004608946945518251,0.006816362962126732,0.00763212563470006,0.037444304674863815,0.04592882767319679,0.051417429000139236,0.02136470377445221,0.03374510630965233,0.9748934507369995,25.500900268554688,0.0,0.9664307236671448,0.10088735818862915,0.0,0.9933812022209167,0.05264349281787872
35,147,148,12861,12861,True,True,True,True,False,0.0008948129834607244,0.003408142365515232,0.00481859128922224,0.007271668873727322,0.007650722749531269,0.03798171505331993,0.04398862421512603,0.05451272800564766,0.020985454320907593,0.03317376971244812,0.9750274419784546,25.70203399658203,0.0,0.9660302996635437,0.10124275833368301,0.0,0.9877437353134155,0.052384305745363235
36,148,149,12861,12861,True,True,True,True,False,0.0009728829609230161,0.0026543147396296263,0.004605766013264654,0.0077987732365727425,0.007439197041094303,0.03781924024224281,0.04245922267436981,0.051684677600860596,0.021626854315400124,0.03422097861766815,0.9747359752655029,25.418136596679688,0.0,0.9654929041862488,0.10159511864185333,0.0,0.9758617281913757,0.05189988389611244
37,149,150,12861,12861,True,True,True,True,False,0.000817828462459147,0.002235697815194726,0.003506336780264973,0.006168503779917955,0.007365076337009668,0.037725504487752914,0.043527392297983164,0.05696411058306694,0.02223479002714157,0.03521060198545456,0.9744674563407898,25.1035099029541,0.0,0.965214192867279,0.1018914133310318,0.0,0.9659372568130493,0.051727183163166046
38,150,151,12861,12861,True,True,True,True,False,0.0009560902253724635,0.005377798341214657,0.007494965847581625,0.00901308748871088,0.007083242759108543,0.03783309832215309,0.04718044623732565,0.05473494529724121,0.02242019772529602,0.035530149936676025,0.9744687080383301,25.218807220458984,0.0,0.9656649231910706,0.1022605150938034,0.0,0.9684587121009827,0.051723677664995193
39,151,152,12861,12861,True,True,True,True,False,0.0013526426628232002,0.005593114532530308,0.007463514804840087,0.008482526987791061,0.006811720319092274,0.0387209989130497,0.0513497807085514,0.06145953759551048,0.022897589951753616,0.036320120096206665,0.9740380048751831,25.015106201171875,0.0,0.961609959602356,0.10262713581323624,0.0,0.9802461266517639,0.05193375051021576
40,152,153,12861,12861,True,True,True,True,False,0.0011068355524912477,0.0030416403897106647,0.0056387162767350665,0.009127042256295681,0.006916817277669907,0.038875602185726166,0.053619358688592904,0.06380529701709747,0.023638732731342316,0.03753518685698509,0.9734918475151062,24.688724517822266,0.0,0.9574856162071228,0.10294491052627563,0.0,0.9701763391494751,0.05230548977851868
41,153,154,12861,12861,True,True,True,True,True,0.0010128706926479936,0.003810961963608861,0.00576995788142085,0.013345279730856419,0.007594353053718805,0.04161578789353371,0.055770558118820174,0.06446925550699234,0.0238961074501276,0.03791210800409317,0.9732367992401123,24.759634017944336,0.0,0.9596909880638123,0.10328485816717148,0.0,0.9726720452308655,0.05296734720468521
42,154,155,12861,12861,True,True,True,True,False,0.0008268870878964663,0.0031763254664838314,0.003878253092989325,0.008790816180408001,0.007817260921001434,0.04392017796635628,0.05782957449555396,0.06779974699020386,0.024372948333621025,0.038708992302417755,0.9731164574623108,24.576801300048828,0.0,0.9610795974731445,0.10347259789705276,0.0,0.9695352911949158,0.05265936255455017
43,155,156,12861,12861,True,True,True,True,False,0.0008465039427392185,0.002530768746510148,0.003982364945113659,0.008474137634038925,0.00813264213502407,0.04574748873710632,0.05949233546853065,0.06984806805849075,0.02513648383319378,0.03992461413145065,0.9722883105278015,24.337238311767578,0.0,0.9612253904342651,0.10378040373325348,0.0,0.9721053838729858,0.05298083275556564
44,156,157,12861,12861,True,True,True,True,False,0.0014412951422855258,0.00387352192774415,0.004967224504798649,0.00838582031428814,0.008317382074892521,0.04848267138004303,0.061984519660472845,0.0727214366197586,0.02470642328262329,0.039260540157556534,0.9729790687561035,24.581588745117188,0.0,0.958411455154419,0.10400209575891495,0.0,0.9702603220939636,0.05320966988801956
45,157,158,12861,12861,True,True,True,True,False,0.0015875748358666897,0.003399738110601902,0.00581439509987831,0.008008693344891071,0.008677051402628422,0.04842257872223854,0.06269799172878265,0.07102078199386597,0.026038318872451782,0.04139474406838417,0.9719977974891663,24.06732940673828,0.0,0.9636324644088745,0.10434381663799286,0.0,0.9735364317893982,0.053675226867198944
46,158,159,12861,12861,True,True,True,True,False,0.0010293619707226753,0.0028487974777817726,0.005380050186067819,0.0073282490484416485,0.008748325519263744,0.04814743250608444,0.06382769197225568,0.06920301169157028,0.02604762837290764,0.04142561927437782,0.9718534350395203,24.096080780029297,0.0,0.9662505984306335,0.10468683391809464,0.0,0.9728665947914124,0.05400492250919342
47,159,160,12861,12861,True,True,True,True,False,0.0008792536682449281,0.002771660452708602,0.004104155302047726,0.006374159827828407,0.008607711642980576,0.0498659685254097,0.0652613028883934,0.0713883638381958,0.0261212270706892,0.04154403880238533,0.9719046354293823,24.10030746459961,0.0,0.9571033716201782,0.1042441576719284,0.0,0.9918093681335449,0.054694123566150665
48,160,161,12861,12861,True,True,True,True,False,0.0006177156465128064,0.0018493401585146785,0.003561947215348482,0.005404739640653133,0.00858336128294468,0.04962475225329399,0.06617651581764221,0.07267828285694122,0.026758715510368347,0.042594097554683685,0.9715887308120728,23.832956314086914,0.0,0.9634493589401245,0.10443167388439178,0.0,0.969385027885437,0.05466461181640625
49,161,162,12861,12861,True,True,True,True,False,0.0007881381316110492,0.0025489050894975662,0.004708556830883024,0.009511349722743034,0.008709744550287724,0.049235425889492035,0.06620892882347106,0.0728616937994957,0.026365110650658607,0.04193391650915146,0.9718122482299805,24.00947380065918,0.0,0.9607513546943665,0.10423644632101059,0.0,0.973794162273407,0.05484486743807793
50,162,163,12861,12861,True,True,True,True,False,0.0011555604869499803,0.0024994590785354376,0.0034552190918475272,0.0064824833534657955,0.008715184405446053,0.05028529092669487,0.06659651398658752,0.07414322346448898,0.026204753667116165,0.041675299406051636,0.9718493223190308,24.086894989013672,0.0,0.9623728394508362,0.10446064919233322,0.0,0.9744095802307129,0.055218856781721115
51,163,164,12861,12861,True,True,True,True,True,0.0017196162370964885,0.0035302762407809496,0.005353322066366668,0.012274893932044506,0.009660864248871803,0.05231709033250809,0.06827815622091292,0.07978987693786621,0.02617059275507927,0.04163021594285965,0.9716075658798218,24.12844467163086,0.0,0.9627450704574585,0.10473521053791046,0.0,0.9909603595733643,0.05607848986983299
52,164,165,12861,12861,True,True,True,True,False,0.0010549493599683046,0.002353114075958729,0.003401687648147344,0.009447782300412655,0.009375651367008686,0.053120747208595276,0.06863430291414259,0.07986094802618027,0.026078831404447556,0.04149167984724045,0.9715596437454224,24.15149688720703,0.0,0.9598960280418396,0.10467255860567093,0.0,0.9893137812614441,0.056137021631002426
53,165,166,12861,12861,True,True,True,True,False,0.0013724436284974217,0.003895095782354474,0.005061414558440447,0.011567492969334126,0.01013219729065895,0.054812368005514145,0.07049347460269928,0.0805807113647461,0.026356838643550873,0.04192177206277847,0.9713560938835144,24.13959503173828,0.0,0.9639491438865662,0.10487750172615051,0.0,0.9776331782341003,0.05687909200787544
54,166,167,12861,12861,True,True,True,True,False,0.0009760030079632998,0.0026489112060517073,0.005634517688304185,0.008053061552345753,0.010109083727002144,0.05622508376836777,0.0713985487818718,0.08233585208654404,0.025855090469121933,0.041095636785030365,0.9720656275749207,24.406631469726562,0.0,0.9630823135375977,0.10463220626115799,0.0,0.9783608913421631,0.05715484544634819
55,167,168,12861,12861,True,True,True,True,False,0.0007955932524055243,0.0032021403312683105,0.005762512795627116,0.008053630590438843,0.010352791287004948,0.058671846985816956,0.07419071197509765,0.08257685601711273,0.02718699723482132,0.043280523270368576,0.9707120060920715,23.952789306640625,0.0,0.9606834650039673,0.104832224547863,0.0,0.9761927127838135,0.057691849768161774
56,168,169,12861,12861,True,True,True,True,False,0.0011065960861742496,0.005380632355809212,0.006260179262608287,0.009265906177461147,0.010927923023700714,0.06301427632570267,0.0774728998541832,0.08558370918035507,0.027061481028795242,0.04310031235218048,0.9710526466369629,24.11111831665039,0.0,0.961188018321991,0.10511394590139389,0.0,0.9779871106147766,0.05885113775730133
57,169,170,12861,12861,True,True,True,True,False,0.0013563960092142224,0.0030659653712064028,0.0051127134822309015,0.006770587060600519,0.01107178907841444,0.06547210365533829,0.08037745952606201,0.08811699599027634,0.02788303792476654,0.04442853480577469,0.9707216024398804,23.816781997680664,0.0,0.9614928960800171,0.1058206632733345,0.0,0.9789572954177856,0.059332817792892456
58,170,171,12861,12861,True,True,True,True,False,0.0011249232338741422,0.003025960410013795,0.0046858950518071625,0.009688734076917171,0.011224099434912205,0.06564635038375854,0.0808830216526985,0.08952128887176514,0.028636209666728973,0.04565965384244919,0.9704917073249817,23.620040893554688,0.0,0.9617030620574951,0.10590312629938126,0.0,0.9765014052391052,0.05870819091796875
59,171,172,12861,12861,True,True,True,True,False,0.0010475474409759045,0.004567593801766634,0.006240425258874892,0.00755863543599844,0.011482988484203815,0.06929884850978851,0.085528826713562,0.0934712216258049,0.028704382479190826,0.04567812755703926,0.970660924911499,23.71533203125,0.0,0.9604576230049133,0.1059640645980835,0.0,0.9780657887458801,0.05979519337415695
60,172,173,12861,12861,True,True,True,True,False,0.0013110536383464932,0.0035392222926020622,0.005886471644043922,0.009957701899111271,0.01159238163381815,0.07164888828992844,0.08799720704555508,0.09619331359863281,0.029565174132585526,0.0470893457531929,0.9701026678085327,23.429258346557617,0.0,0.9581015706062317,0.1066819280385971,0.0,0.978563129901886,0.06027694046497345
61,173,174,12861,12861,True,True,True,True,True,0.0013141055824235082,0.006255634594708681,0.008680200390517707,0.013367241248488426,0.012285400182008743,0.07656239718198776,0.09171763360500333,0.09960959106683731,0.030619654804468155,0.04881107807159424,0.969224214553833,23.20503044128418,0.0,0.9572336673736572,0.10725005716085434,0.0,0.980083703994751,0.06299491226673126
62,174,175,12861,12861,True,True,True,True,False,0.0014035407220944762,0.004876491613686085,0.005959055945277214,0.007841113954782486,0.01230450440198183,0.080616295337677,0.0954517066478729,0.10356351733207703,0.02992137148976326,0.04764631390571594,0.9696002006530762,23.468151092529297,0.0,0.9682127237319946,0.1076115220785141,0.0,0.9797363877296448,0.06392569839954376
63,175,176,12861,12861,True,True,True,True,False,0.0013556656194850802,0.002877045189961791,0.004376640636473893,0.012460092082619667,0.012874457985162735,0.08206701278686523,0.09697343111038206,0.10534430295228958,0.03082740120589733,0.04906599968671799,0.9687120914459229,23.22211456298828,0.0,0.9822304248809814,0.10808344930410385,0.0,0.9797009825706482,0.06359576433897018
64,176,177,12861,12861,True,True,True,True,False,0.0014172411756590009,0.004450405016541481,0.0057828836143016815,0.008853455074131489,0.013228381983935833,0.08474027365446091,0.1004498541355133,0.11003885418176651,0.03171347826719284,0.050554901361465454,0.9684382081031799,23.046218872070312,0.0,0.9824631810188293,0.10796965658664703,0.0,0.9795268177986145,0.06418782472610474
65,177,178,12861,12861,True,True,True,True,False,0.001200297730974853,0.0034464881755411625,0.0054908090271055645,0.011055528186261654,0.013583499938249588,0.08589967340230942,0.10305989533662796,0.11202573031187057,0.03218834102153778,0.05126214027404785,0.9679144620895386,22.944133758544922,0.0,0.9841459393501282,0.10875499248504639,0.0,0.9808911681175232,0.06542523950338364
66,178,179,12861,12861,True,True,True,True,False,0.001063414616510272,0.0032743641640990973,0.004227493703365322,0.007301148492842913,0.013925984501838684,0.0865907147526741,0.10544276833534233,0.1154017224907875,0.032697685062885284,0.05209159851074219,0.9676625728607178,22.833717346191406,0.0,0.9749520421028137,0.10898204892873764,0.0,0.979945719242096,0.06556985527276993
67,179,180,12861,12861,True,True,True,True,False,0.0013438063906505704,0.0033399476669728756,0.004929463937878608,0.009078986942768097,0.014042123220860958,0.08800467848777771,0.10798597782850264,0.11801469326019287,0.0339796245098114,0.05416938662528992,0.966562032699585,22.567768096923828,0.0,0.9844955205917358,0.10916081070899963,0.0,0.9828201532363892,0.06692884117364883
68,180,181,12861,12861,True,True,True,True,False,0.0012106556678190827,0.0030509820207953453,0.0046425553038716314,0.006040949374437332,0.014325711876153946,0.08910701423883438,0.11021299511194223,0.12083818763494492,0.03472425043582916,0.055388547480106354,0.9664562940597534,22.30714225769043,0.0,0.9796397089958191,0.1097164899110794,0.0,0.9800139665603638,0.06673963367938995
69,181,182,12861,12861,True,True,True,True,False,0.0013820764143019915,0.00398733327165246,0.004786901827901601,0.008609605953097343,0.014657177962362766,0.09271777421236038,0.11152976453304286,0.12476649880409241,0.03469137102365494,0.055398277938365936,0.966679573059082,22.36996841430664,0.0,0.9814335703849792,0.10934066027402878,0.0,0.9823652505874634,0.06815416365861893
70,182,183,12861,12861,True,True,True,True,False,0.0010090202558785677,0.0024722109083086252,0.00411146469414234,0.0075203534215688705,0.015022783540189266,0.09323016554117203,0.11462484598159786,0.12637892365455627,0.03609803318977356,0.05769427865743637,0.9657754898071289,21.98713493347168,0.0,0.9825746417045593,0.10994956642389297,0.0,0.9826425909996033,0.06798683106899261
71,183,184,12861,12861,True,True,True,True,True,0.0014593336964026093,0.0052231294102966785,0.007312652934342622,0.012095886282622814,0.015891171991825104,0.09636256843805313,0.11665308922529219,0.12901189923286438,0.03619374707341194,0.05778959393501282,0.965230405330658,21.983169555664062,0.0,0.9800437092781067,0.11016620695590973,0.0,0.9753614664077759,0.07014091312885284
72,184,185,12861,12861,True,True,True,True,False,0.0009459708235226572,0.0042727296240627766,0.006478279363363981,0.011067017912864685,0.01612793654203415,0.09936300665140152,0.1178275093436241,0.12976005673408508,0.03723490238189697,0.059481143951416016,0.9645822644233704,21.78420639038086,0.0,0.9777337312698364,0.11065267026424408,0.0,0.9883543252944946,0.07151439785957336
73,185,186,12861,12861,True,True,True,True,False,0.0015856652753427625,0.003338852897286415,0.0044765288941562165,0.006523671094328165,0.016614845022559166,0.09947127848863602,0.11991085708141326,0.1314510554075241,0.03866787254810333,0.06180920451879501,0.9640812873840332,21.464862823486328,0.0,0.9808493256568909,0.11096478253602982,0.0,0.9739078879356384,0.07089792937040329
74,186,187,12861,12861,True,True,True,True,False,0.0012099676532670856,0.0034365570172667503,0.004952453542500721,0.009280235506594181,0.016553819179534912,0.10088185220956802,0.12232746928930281,0.13478511571884155,0.037796810269355774,0.060358185321092606,0.9643352031707764,21.685850143432617,0.0,0.985353410243988,0.11119536310434341,0.0,0.9912837743759155,0.07178296148777008
75,187,188,12861,12861,True,True,True,True,False,0.0014266460202634335,0.002904522232711315,0.005410605296492576,0.00821002572774887,0.017381172627210617,0.10296329110860825,0.12531079947948454,0.13572800159454346,0.0391889289021492,0.06265373528003693,0.9635587930679321,21.37925148010254,0.0,0.988544762134552,0.1116185188293457,0.0,0.9823164343833923,0.07289184629917145
76,188,189,12861,12861,True,True,True,True,False,0.0011285089422017336,0.002737245988100767,0.00415159873664379,0.008778541348874569,0.017752645537257195,0.10312607884407043,0.12609925270080563,0.1385212391614914,0.04048418626189232,0.0647977814078331,0.9629619121551514,21.122440338134766,0.0,0.9813485741615295,0.11188806593418121,0.0,0.9855954051017761,0.07264969497919083
77,189,190,12861,12861,True,True,True,True,False,0.001310061663389206,0.004517505876719952,0.005504482146352529,0.010602600872516632,0.018177561461925507,0.1061972975730896,0.12955377399921417,0.14262691140174866,0.04066527262330055,0.06508973985910416,0.9631201028823853,21.131256103515625,0.0,0.987583339214325,0.1119941994547844,0.0,0.9945845007896423,0.07403429597616196
78,190,191,12861,12861,True,True,True,True,False,0.0012892071390524507,0.003146674018353224,0.005954190157353875,0.009731072001159191,0.019003530964255333,0.1074482724070549,0.1309710919857025,0.14338980615139008,0.04131264239549637,0.06609585881233215,0.9626985192298889,20.963584899902344,0.0,0.9776493906974792,0.11266668140888214,0.0,0.9800426959991455,0.07424985617399216
79,191,192,12861,12861,True,True,True,True,False,0.001058562658727169,0.0029262227471917868,0.003978420794010162,0.00912431813776493,0.019474731758236885,0.10840047150850296,0.13164549171924592,0.14360713958740234,0.04250887781381607,0.06807634234428406,0.961729884147644,20.83788299560547,0.0,0.9837472438812256,0.11245457082986832,0.0,0.972954273223877,0.07483730465173721
80,192,193,12861,12861,True,True,True,True,False,0.0012407831382006407,0.0024097554851323366,0.003171535581350326,0.009315909817814827,0.020172487944364548,0.10938738286495209,0.1329904109239578,0.1446942538022995,0.042043641209602356,0.06729651987552643,0.9623236656188965,20.859630584716797,0.0,0.9801064729690552,0.11292609572410583,0.0,0.9769840836524963,0.07484080642461777
81,193,194,12861,12861,True,True,True,True,True,0.0016950721619650722,0.00831936951726675,0.010152120329439636,0.01919085532426834,0.020593877881765366,0.11505357176065445,0.13671578466892242,0.1489260196685791,0.043744493275880814,0.0699918195605278,0.9610934257507324,20.607215881347656,0.0,0.9756017327308655,0.11320412158966064,0.0,0.9879700541496277,0.0787341296672821
82,194,195,12861,12861,True,True,True,True,False,0.0014742875937372446,0.004182149190455675,0.007119491789489983,0.012188947759568691,0.021545330062508583,0.117060586810112,0.13774895966052997,0.1493207961320877,0.0465938076376915,0.07471057772636414,0.960106611251831,20.15310287475586,0.0,0.9828111529350281,0.11375567317008972,0.0,0.980008065700531,0.07903353124856949
83,195,196,12861,12861,True,True,True,True,False,0.0015905711334198713,0.0035826528910547495,0.005447954777628177,0.011602128855884075,0.022739766165614128,0.1166793704032898,0.13911526501178742,0.15249541401863098,0.044822808355093,0.0717519074678421,0.9606102705001831,20.394023895263672,0.0,0.9763520956039429,0.11374156922101974,0.0,0.9850951433181763,0.07812870293855667
84,196,197,12861,12861,True,True,True,True,False,0.0013719052076339722,0.0037503314670175314,0.0053402816876769055,0.0063302707858383656,0.023204602301120758,0.11951448768377304,0.14324799776077268,0.15548673272132874,0.04580226540565491,0.07333924621343613,0.9600773453712463,20.289287567138672,0.0,0.9733105301856995,0.11400094628334045,0.0,0.9907040596008301,0.07978492230176926
85,197,198,12861,12861,True,True,True,True,False,0.001248399494215846,0.0030115069821476936,0.004380164388567207,0.007732432335615158,0.024126285687088966,0.12105639278888702,0.14398916065692902,0.15826424956321716,0.04813053458929062,0.07714217156171799,0.9592918157577515,19.925941467285156,0.0,0.9764335751533508,0.11461247503757477,0.0,0.9858264923095703,0.0805182233452797
86,198,199,12861,12861,True,True,True,True,False,0.001508368644863367,0.0038902072701603174,0.004833201598376033,0.006591411307454109,0.024915799498558044,0.12265587598085403,0.14824885725975032,0.16086715459823608,0.046992406249046326,0.07522810250520706,0.9596803188323975,20.118494033813477,0.0,0.9805225729942322,0.11477586627006531,0.0,0.9806382656097412,0.08113618940114975
87,199,200,12861,12861,True,True,True,True,False,0.0012462028535082936,0.0028959831688553095,0.0040468861348927024,0.00607586745172739,0.025889607146382332,0.12404809892177582,0.1484787851572036,0.1636093109846115,0.047432832419872284,0.07587841898202896,0.9592108726501465,20.034053802490234,0.0,0.972247838973999,0.11551140993833542,0.0,0.9762186408042908,0.08144889026880264
88,200,201,12861,12861,True,True,True,True,False,0.001218360965140164,0.0035118607338517904,0.004854554310441015,0.011410865001380444,0.02646809071302414,0.1251727044582367,0.15134470164775848,0.16408030688762665,0.049244873225688934,0.0788688063621521,0.9584885835647583,19.833595275878906,0.0,0.9814724326133728,0.11555292457342148,0.0,0.9830192923545837,0.08195670694112778
89,201,202,12861,12861,True,True,True,True,False,0.0013173104962334037,0.004335386678576469,0.004973236098885532,0.010447368025779724,0.027065878733992577,0.12853464484214783,0.15407474339008329,0.16869018971920013,0.04838744178414345,0.07735772430896759,0.9588305354118347,19.975173950195312,0.0,0.9832736253738403,0.11576578766107559,0.0,0.9874449968338013,0.08349529653787613
90,202,203,12861,12861,True,True,True,True,False,0.0012214023154228926,0.0032051403541117907,0.005576874129474159,0.009597687982022762,0.028259485960006714,0.12886671721935272,0.15525015294551847,0.16791585087776184,0.048368535935878754,0.07729867100715637,0.959053099155426,19.965877532958984,0.0,0.9835201501846313,0.11625013500452042,0.0,0.9825398921966553,0.08338963240385056
91,203,204,12861,12861,True,True,True,True,True,0.0020974422805011272,0.007500527426600456,0.009716294333338735,0.021662956103682518,0.02859708108007908,0.13392919301986694,0.15886469483375545,0.17213121056556702,0.05102933198213577,0.08160077035427094,0.9567444920539856,19.631481170654297,0.0,0.9845476746559143,0.11645227670669556,0.0,1.0090606212615967,0.08636602014303207
92,204,205,12861,12861,True,True,True,True,False,0.001284884987398982,0.004041995387524366,0.007793536782264707,0.019436750560998917,0.029276879504323006,0.1348136067390442,0.16010068356990811,0.17281188070774078,0.05051489546895027,0.08068467676639557,0.9574997425079346,19.733524322509766,0.0,0.9892528653144836,0.11648021638393402,0.0,0.9854549169540405,0.0863293930888176
93,205,206,12861,12861,True,True,True,True,False,0.00143772317096591,0.00334243755787611,0.0046986889094114285,0.0098838210105896,0.030309166759252548,0.13607437908649445,0.16143819391727446,0.17473897337913513,0.050726957619190216,0.08103631436824799,0.9576183557510376,19.6712646484375,0.0,0.971766471862793,0.11692604422569275,0.0,0.9935675263404846,0.08666886389255524
94,206,207,12861,12861,True,True,True,True,False,0.0010450738482177258,0.0034046992659568787,0.004918846115469931,0.012028305791318417,0.030550498515367508,0.1377292275428772,0.16468969881534576,0.1763179898262024,0.05253096669912338,0.0840383768081665,0.9567579030990601,19.467945098876953,0.0,0.9830198287963867,0.11706085503101349,0.0,1.011649489402771,0.08810949325561523
95,207,208,12861,12861,True,True,True,True,False,0.0009729224839247763,0.002928168512880802,0.0049440299160778516,0.00800352357327938,0.03128660097718239,0.13832040131092072,0.16435050964355466,0.1779579371213913,0.05254757031798363,0.08400624990463257,0.956444501876831,19.445423126220703,0.0,0.9887629747390747,0.11761883646249771,0.0,1.01078200340271,0.0881401002407074
96,208,209,12861,12861,True,True,True,True,False,0.0009404380689375103,0.002534925239160657,0.004077604133635758,0.006351878866553307,0.03198346495628357,0.13792577385902405,0.1655942171812057,0.17816081643104553,0.05335291475057602,0.08534605801105499,0.9561193585395813,19.337345123291016,0.0,0.9813570976257324,0.11779695004224777,0.0,1.0112353563308716,0.08776602149009705
97,209,210,12861,12861,True,True,True,True,False,0.0008848262950778008,0.002553197555243969,0.003972281701862812,0.010269188322126865,0.03231943026185036,0.1387738585472107,0.16538966596126556,0.17692458629608154,0.05403237044811249,0.0864545926451683,0.9558366537094116,19.24271011352539,0.0,0.9844603538513184,0.11805213242769241,0.0,1.0114893913269043,0.08822612464427948
98,210,211,12861,12861,True,True,True,True,False,0.00096069899154827,0.002677819924429059,0.004524623975157734,0.007916484959423542,0.03255665674805641,0.1392248570919037,0.166774046421051,0.1782592386007309,0.05364322289824486,0.0857631266117096,0.9559221267700195,19.30243492126465,0.0,0.9802180528640747,0.1184239611029625,0.0,1.0101311206817627,0.08844238519668579
99,211,212,12861,12861,True,True,True,True,False,0.0013778980355709791,0.003192497882992029,0.004533225484192369,0.012263921089470387,0.03309803083539009,0.13951697945594788,0.16687466204166404,0.17990680038928986,0.0544247180223465,0.08705103397369385,0.9554955363273621,19.203144073486328,0.0,0.9816951155662537,0.1185842975974083,0.0,1.009294033050537,0.08903168886899948
100,212,213,12861,12861,True,True,True,True,False,0.0011168171186000109,0.0035805220250040293,0.007563173584640026,0.010839704424142838,0.03352254256606102,0.1403873711824417,0.16778398752212523,0.1787014901638031,0.05527590587735176,0.08845219016075134,0.9551013112068176,19.077348709106445,0.0,0.9861398935317993,0.11901319772005081,0.0,1.012977957725525,0.08888991922140121
101,213,214,12861,12861,True,True,True,True,True,0.0022558928467333317,0.00940442644059658,0.010699697956442832,0.01394119393080473,0.03387989476323128,0.1479090452194214,0.17227042913436888,0.1826418936252594,0.05828361585736275,0.09334156662225723,0.9531271457672119,18.762676239013672,0.0,1.0173295736312866,0.11951182782649994,0.0,1.0148963928222656,0.09309195727109909
102,214,215,12861,12861,True,True,True,True,False,0.0022068298421800137,0.008361341431736946,0.010307167842984195,0.015075607225298882,0.03486398980021477,0.1431284248828888,0.17126950919628142,0.18290549516677856,0.05554370582103729,0.08880489319562912,0.9544923901557922,19.063552856445312,0.0,1.011804461479187,0.11930461972951889,0.0,1.0192707777023315,0.08967551589012146
103,215,216,12861,12861,True,True,True,True,False,0.0023742702323943377,0.006953745614737272,0.009406843408942218,0.012219260446727276,0.03509249910712242,0.14658981561660767,0.17286874055862425,0.18306410312652588,0.05993165820837021,0.0959664136171341,0.951636016368866,18.546844482421875,0.0,1.0125558376312256,0.12039150297641754,0.0,1.0128368139266968,0.09238981455564499
104,216,217,12861,12861,True,True,True,True,False,0.0020223762840032578,0.00672526378184557,0.009211994335055339,0.011993317864835262,0.03534267470240593,0.14226947724819183,0.17040010392665858,0.18390516936779022,0.05687060207128525,0.09096385538578033,0.9540961980819702,18.88785171508789,0.0,0.9985994100570679,0.11947787553071976,0.0,1.0186370611190796,0.08927158266305923
105,217,218,12861,12861,True,True,True,True,False,0.0022577939089387655,0.008077021688222885,0.010116900131106367,0.015013308264315128,0.03502461314201355,0.1477617770433426,0.17350674271583558,0.1825937032699585,0.06114701181650162,0.09797486662864685,0.9518918991088867,18.419857025146484,0.0,1.018882155418396,0.12057285010814667,0.0,1.014748454093933,0.09353432804346085
106,218,219,12861,12861,True,True,True,True,False,0.0023809305857867002,0.011760288849473,0.013221777044236657,0.018057052046060562,0.035613954067230225,0.13983336091041565,0.16828351914882658,0.18214313685894012,0.0555378720164299,0.08873486518859863,0.9546203017234802,19.018905639648438,0.0,1.014888048171997,0.11923016607761383,0.0,1.0125925540924072,0.08739832043647766
107,219,220,12861,12861,True,True,True,True,False,0.0026656528934836388,0.010069521144032478,0.011554043926298618,0.013517780229449272,0.03479773551225662,0.1452290415763855,0.170937243103981,0.18014255166053772,0.05940549448132515,0.0950552299618721,0.9524358510971069,18.599990844726562,0.0,1.0000808238983154,0.11999288201332092,0.0,1.0151814222335815,0.09226369112730026
108,220,221,12861,12861,True,True,True,True,False,0.0025769853964447975,0.017871549353003502,0.02009458765387534,0.022669700905680656,0.0349738635122776,0.1337241381406784,0.16119989454746236,0.17767347395420074,0.05347973853349686,0.08533335477113724,0.9564363956451416,19.244232177734375,0.0,0.9984725117683411,0.11890892684459686,0.0,1.0033122301101685,0.08421528339385986
109,221,222,12861,12861,True,True,True,True,False,0.003167093964293599,0.01969905011355877,0.02172154262661934,0.02555493824183941,0.033422064036130905,0.1466440111398697,0.17184913158416748,0.18258878588676453,0.05873870477080345,0.09399306029081345,0.9530666470527649,18.67049789428711,0.0,0.9953032732009888,0.11963865906000137,0.0,1.0192070007324219,0.09296345710754395
110,222,223,12861,12861,True,True,True,True,False,0.003918664995580912,0.0230849701911211,0.02995960116386411,0.03548275679349899,0.034247156232595444,0.13013789057731628,0.15671862363815306,0.17270611226558685,0.05337890237569809,0.08515436202287674,0.9565126895904541,19.238956451416016,0.0,0.9878067970275879,0.11911793053150177,0.0,0.9941415190696716,0.08278044313192368
111,223,224,12861,12861,True,True,True,True,True,0.002431853674352169,0.004944961052387953,0.006809769012033932,0.011511042714118958,0.03420363739132881,0.13215705752372742,0.15647529959678644,0.1730116903781891,0.055464006960392,0.08858528733253479,0.9547721147537231,18.986690521240234,0.0,1.012081265449524,0.1194082722067833,0.0,0.9951598644256592,0.08442725986242294
112,224,225,12861,12861,True,True,True,True,False,0.0014793651644140482,0.005588904954493046,0.007122706901282071,0.014698381535708904,0.03417108952999115,0.12863865494728088,0.1545058131217956,0.17092213034629822,0.05438563972711563,0.08672991394996643,0.9553852081298828,19.103137969970703,0.0,1.006000280380249,0.11926226317882538,0.0,0.998476505279541,0.08228857815265656
113,225,226,12861,12861,True,True,True,True,False,0.0010968866990879178,0.003158402396366,0.005251413024961944,0.011183653958141804,0.03403347358107567,0.12892289459705353,0.1546874076128006,0.17115524411201477,0.05705099180340767,0.09127119183540344,0.9542344808578491,18.758041381835938,0.0,1.007677435874939,0.11897999048233032,0.0,0.9956398606300354,0.08325807005167007
114,226,227,12861,12861,True,True,True,True,False,0.0009768818272277713,0.003586407285183668,0.005306599661707877,0.008891892619431019,0.03352465480566025,0.1277478039264679,0.1542576581239699,0.17076539993286133,0.056864380836486816,0.09102055430412292,0.9548467993736267,18.799123764038086,0.0,0.9992187023162842,0.11833837628364563,0.0,0.9910063147544861,0.08204230666160583
115,227,228,12861,12861,True,True,True,True,False,0.000997271854430437,0.0025078277103602886,0.00457689994946122,0.007462709676474333,0.033108342438936234,0.1273832470178604,0.15298195779323573,0.16935017704963684,0.05662033334374428,0.09067048132419586,0.9540122747421265,18.81041717529297,0.0,0.9984194040298462,0.11835650354623795,0.0,1.004839539527893,0.08291435241699219
116,228,229,12861,12861,True,True,True,True,False,0.002064901404082775,0.007241074461489916,0.00969843212515113,0.014481987804174423,0.033800918608903885,0.1228894516825676,0.14942360520362855,0.1651657521724701,0.05753207206726074,0.0922798365354538,0.9545652866363525,18.65357208251953,0.0,0.9768258929252625,0.11805155128240585,0.0,1.0016891956329346,0.07933242619037628
117,229,230,12861,12861,True,True,True,True,False,0.001491365022957325,0.0034453319385647774,0.004435057938098899,0.009729198180139065,0.03334047272801399,0.1218888983130455,0.14684377610683438,0.1629849523305893,0.059175699949264526,0.09502676129341125,0.954226016998291,18.47730255126953,0.0,1.0013022422790527,0.11801590770483017,0.0,0.9907950758934021,0.07874131947755814
118,230,231,12861,12861,True,True,True,True,False,0.0014789215056225657,0.0034518991596996784,0.005307814478874206,0.009690558537840843,0.032873548567295074,0.1214493066072464,0.14614090919494624,0.16208143532276154,0.057910606265068054,0.09295856207609177,0.95502108335495,18.606781005859375,0.0,0.9776577949523926,0.11749978363513947,0.0,0.990411102771759,0.07829128950834274
119,231,232,12861,12861,True,True,True,True,False,0.0018853904912248254,0.00578767666593194,0.009289829991757866,0.017982816323637962,0.03275606036186218,0.1166888177394867,0.14285120666027065,0.15825718641281128,0.05950083211064339,0.09564758837223053,0.954242467880249,18.393051147460938,0.0,0.9780689477920532,0.11747495085000992,0.0,0.9860159158706665,0.07589530944824219
120,232,233,12861,12861,True,True,True,True,False,0.0016189829912036657,0.004121474921703339,0.0056991038843989365,0.011361312121152878,0.03294502943754196,0.11511465162038803,0.13964619040489196,0.15494304895401,0.062400493770837784,0.10050719976425171,0.9534441232681274,18.088224411010742,0.0,0.9712320566177368,0.1175297275185585,0.0,0.9823957681655884,0.07568152993917465
121,233,234,12861,12861,True,True,True,True,True,0.0018644630908966064,0.004162972792983055,0.00555102583020925,0.007628656458109617,0.03282376006245613,0.11352590471506119,0.13855915665626523,0.15431857109069824,0.06157534196972847,0.09907008707523346,0.953458309173584,18.153095245361328,0.0,0.972457230091095,0.11771676689386368,0.0,0.9808650016784668,0.07505232840776443
122,234,235,12861,12861,True,True,True,True,False,0.001780119608156383,0.005361141636967659,0.00641238512471318,0.008931417018175125,0.03328641876578331,0.10996940732002258,0.13625749349594116,0.1517283171415329,0.06284750998020172,0.10121142864227295,0.9529393911361694,18.01369857788086,0.0,0.9702621698379517,0.11739887297153473,0.0,0.988967776298523,0.0733061134815216
123,235,236,12861,12861,True,True,True,True,False,0.0015047023771330714,0.003963673487305641,0.007679387647658577,0.015108435414731503,0.03306472301483154,0.10896063596010208,0.13294445872306818,0.1468367725610733,0.06319531053304672,0.10184179991483688,0.9530364274978638,18.01658821105957,0.0,0.9959658980369568,0.11694401502609253,0.0,0.9853496551513672,0.07250110059976578
124,236,237,12861,12861,True,True,True,True,False,0.0017254531849175692,0.0062219686806201935,0.009087317623198032,0.01519314106553793,0.03317945823073387,0.10529066622257233,0.1306244909763336,0.14474914968013763,0.06122267246246338,0.09853103756904602,0.9537622928619385,18.195491790771484,0.0,0.9786316752433777,0.1167006567120552,0.0,0.9903061985969543,0.07130201905965805
125,237,238,12861,12861,True,True,True,True,False,0.001643311232328415,0.004684953019022942,0.008571556210517872,0.013036373071372509,0.033248499035835266,0.10535164177417755,0.13053443133831022,0.14448988437652588,0.0644141435623169,0.10394058376550674,0.9527625441551208,17.924251556396484,0.0,0.9703614711761475,0.11669494956731796,0.0,0.9847893714904785,0.07093847543001175
126,238,239,12861,12861,True,True,True,True,False,0.0036270334385335445,0.011719200760126114,0.016069980338215765,0.023649727925658226,0.0333680585026741,0.09766613692045212,0.12159804254770278,0.13656605780124664,0.06228505074977875,0.10033032298088074,0.9533805847167969,18.10726547241211,0.0,0.9960004687309265,0.11670564115047455,0.0,0.9889571070671082,0.06944873929023743
127,239,240,12861,12861,True,True,True,True,False,0.002261701738461852,0.008710097521543503,0.014413939416408537,0.01931387558579445,0.03263409063220024,0.10098579525947571,0.12468130290508267,0.13801544904708862,0.06418125331401825,0.10348090529441833,0.952146053314209,17.89297866821289,0.0,0.9989184737205505,0.11747223883867264,0.0,0.9808013439178467,0.07072452455759048
128,240,241,12861,12861,True,True,True,True,False,0.0020816235337406397,0.009348723106086254,0.013083239458501325,0.019475864246487617,0.033149540424346924,0.09647446125745773,0.12070903927087782,0.13562631607055664,0.06484120339155197,0.10467331111431122,0.9522973299026489,17.856243133544922,0.0,1.000651240348816,0.11651594191789627,0.0,0.9878043532371521,0.06856580823659897
129,241,242,12861,12861,True,True,True,True,False,0.0020066075958311558,0.005589188076555729,0.008854209445416926,0.015195474028587341,0.03301749750971794,0.09533951431512833,0.11926973313093184,0.13239778578281403,0.06623941659927368,0.10699041187763214,0.9517604112625122,17.794849395751953,0.0,1.0011203289031982,0.11674967408180237,0.0,0.979099452495575,0.0690460279583931
130,242,243,12861,12861,True,True,True,True,False,0.0019675304647535086,0.007032793015241623,0.009999508410692214,0.016356032341718674,0.03299861401319504,0.0928465723991394,0.11731710582971572,0.13121332228183746,0.06355935335159302,0.10254615545272827,0.9528443813323975,18.041393280029297,0.0,1.004621982574463,0.11578104645013809,0.0,0.9850517511367798,0.06819359958171844
131,243,244,12861,12861,True,True,True,True,True,0.0020908042788505554,0.004995893687009811,0.005878693889826535,0.016307678073644638,0.0328996442258358,0.0901947170495987,0.11632731705904005,0.1301594227552414,0.06564578413963318,0.1059650331735611,0.9513428211212158,17.875112533569336,0.0,1.0079160928726196,0.116001658141613,0.0,0.9872382879257202,0.06761256605386734
132,244,245,12861,12861,True,True,True,True,False,0.0017386623658239841,0.004243405070155859,0.0063548716716468265,0.012281066738069057,0.032769132405519485,0.08721114695072174,0.11426761448383323,0.13032402098178864,0.06730400770902634,0.10862936079502106,0.9506707191467285,17.727397918701172,0.0,1.0075547695159912,0.1165398508310318,0.0,0.9871416687965393,0.06744587421417236
133,245,246,12861,12861,True,True,True,True,False,0.0017935459036380053,0.005088739097118378,0.007425741385668504,0.03472185879945755,0.031666215509176254,0.08483684062957764,0.10873758941888807,0.12687480449676514,0.06344808638095856,0.10225243866443634,0.9522450566291809,18.088176727294922,0.0,1.0084155797958374,0.11521507054567337,0.0,0.9827224612236023,0.06688734143972397
134,246,247,12861,12861,True,True,True,True,False,0.0015663414960727096,0.003633420681580901,0.004917777050286531,0.03104141540825367,0.03200051933526993,0.0830903947353363,0.10835822373628604,0.1308695524930954,0.06737826764583588,0.1088288277387619,0.9507161378860474,17.729045867919922,0.0,1.0038018226623535,0.11524388194084167,0.0,0.9846423268318176,0.06686412543058395
135,247,248,12861,12861,True,True,True,True,False,0.002027045004069805,0.0044130804017186165,0.007034421246498823,0.014886412769556046,0.030903484672307968,0.08137311786413193,0.10536568015813817,0.12517149746418,0.06659934669733047,0.10751423239707947,0.9509426951408386,17.885705947875977,0.0,1.0050010681152344,0.11439269781112671,0.0,0.9821476340293884,0.06715899705886841
136,248,249,12861,12861,True,True,True,True,False,0.002236476866528392,0.004695592913776636,0.0059887950308620905,0.016446607187390327,0.031643617898225784,0.07915019989013672,0.10249512344598767,0.13022276759147644,0.06837726384401321,0.11042628437280655,0.9502047300338745,17.695119857788086,0.0,1.003535509109497,0.11478184163570404,0.0,0.9802299737930298,0.06631884723901749
137,249,250,12861,12861,True,True,True,True,False,0.004356015007942915,0.008478105999529362,0.010453265719115732,0.015819162130355835,0.031608857214450836,0.07786805182695389,0.09702370613813398,0.1238117590546608,0.06489412486553192,0.10460538417100906,0.9503008127212524,18.03653907775879,0.0,1.0043463706970215,0.11320449411869049,0.0,0.9795039296150208,0.06885728240013123
138,250,251,12861,12861,True,True,True,True,False,0.0032497714273631573,0.006977106910198927,0.009926074743270872,0.017474481835961342,0.031117696315050125,0.0789300948381424,0.09628494232892983,0.13281835615634918,0.06636111438274384,0.10719431191682816,0.9503350853919983,17.91307830810547,0.0,1.0079399347305298,0.11365504562854767,0.0,0.9823682308197021,0.06865853816270828
139,251,252,12861,12861,True,True,True,True,False,0.004363283980637789,0.012481678277254105,0.016703113168478008,0.026482390239834785,0.031352344900369644,0.07490336149930954,0.09374072998762129,0.13541360199451447,0.0655101090669632,0.10552535951137543,0.9492092132568359,17.97836685180664,0.0,1.00785231590271,0.11368825286626816,0.0,0.9845600724220276,0.06949811428785324
140,252,253,12861,12861,True,True,True,True,False,0.0031453322153538465,0.011617244221270084,0.015052191540598862,0.025539718568325043,0.030616244301199913,0.07740925997495651,0.09162461161613462,0.13948899507522583,0.07018338143825531,0.11338493227958679,0.9476432800292969,17.582260131835938,0.0,1.0079044103622437,0.11454995721578598,0.0,0.9808623790740967,0.07022678107023239
141,253,254,12861,12861,True,True,True,True,True,0.0031470609828829765,0.009292502887547016,0.013862179405987229,0.028964946046471596,0.031112948432564735,0.07631013542413712,0.08957414925098414,0.1355561763048172,0.0693700984120369,0.11180867999792099,0.9471286535263062,17.66634750366211,0.0,1.0125397443771362,0.1141766607761383,0.0,0.988492488861084,0.07110509276390076
142,254,255,12861,12861,True,True,True,True,False,0.0024591092951595783,0.00684238551184535,0.010857276059687136,0.024600490927696228,0.0311126746237278,0.07484735548496246,0.08752521276473998,0.143848717212677,0.06820710748434067,0.10994907468557358,0.9478074312210083,17.735309600830078,0.0,1.0114670991897583,0.11415795981884003,0.0,0.9848738312721252,0.07082299888134003
143,255,256,12861,12861,True,True,True,True,False,0.003459953237324953,0.008167027495801449,0.01630601920187473,0.028977343812584877,0.031487416476011276,0.07258906960487366,0.08718152344226832,0.13546286523342133,0.07058499753475189,0.11375562846660614,0.9467637538909912,17.462133407592773,0.0,1.0086669921875,0.11463428288698196,0.0,0.9858304858207703,0.07164550572633743
144,256,257,12861,12861,True,True,True,True,False,0.0021937189158052206,0.010843442752957344,0.014179372042417523,0.022987734526395798,0.031001200899481773,0.07228460907936096,0.08698861598968505,0.1436356008052826,0.06779089570045471,0.10915622115135193,0.9479372501373291,17.800907135009766,0.0,1.0148178339004517,0.11297290772199631,0.0,0.9782872796058655,0.07331940531730652
145,257,258,12861,12861,True,True,True,True,False,0.002965780207887292,0.007114388979971409,0.01040699612349266,0.021766286343336105,0.030397608876228333,0.0705331414937973,0.0854341149330139,0.1392839401960373,0.06875383853912354,0.11074823141098022,0.9473642706871033,17.637645721435547,0.0,1.0198909044265747,0.11356177181005478,0.0,0.9769676327705383,0.07201114296913147
146,258,259,12861,12861,True,True,True,True,False,0.0027436811942607164,0.00736201461404562,0.008681528642773627,0.015621667727828026,0.029835769906640053,0.06790532916784286,0.08304248601198193,0.14532428979873657,0.0640561431646347,0.10298720002174377,0.9490824341773987,18.05510711669922,0.0,1.0118757486343384,0.11181814968585968,0.0,0.9774022102355957,0.07390175014734268
147,259,260,12861,12861,True,True,True,True,False,0.0035033789463341236,0.013455545529723167,0.016774241998791673,0.022216282784938812,0.028839116916060448,0.06738346815109253,0.08236174285411832,0.1376648247241974,0.06421198695898056,0.10339584946632385,0.949630856513977,18.048561096191406,0.0,1.0079652070999146,0.11201969534158707,0.0,0.9783308506011963,0.0734383836388588
148,260,261,12861,12861,True,True,True,True,False,0.0037842642050236464,0.01174647081643343,0.015222154557704924,0.03042924776673317,0.027847755700349808,0.0651550441980362,0.0814874246716499,0.14295777678489685,0.06123226881027222,0.09834373742341995,0.9504167437553406,18.28658676147461,0.0,1.0147651433944702,0.1108008399605751,0.0,0.9786820411682129,0.07356502115726471
149,261,262,12861,12861,True,True,True,True,False,0.0035337661392986774,0.009450294077396393,0.015009477734565718,0.030947182327508926,0.02732326276600361,0.06442179530858994,0.07993359118700027,0.1373617947101593,0.06164832040667534,0.09904572367668152,0.9492399096488953,18.25265121459961,0.0,1.0161126852035522,0.11181598901748657,0.0,0.9794667959213257,0.07508031278848648
150,262,263,12861,12861,True,True,True,True,False,0.0029302099719643593,0.007120695896446705,0.010686768591403951,0.02181342989206314,0.025807857513427734,0.06132134050130844,0.07840093821287154,0.14220352470874786,0.05920828878879547,0.09512583911418915,0.9505071640014648,18.54647445678711,0.0,1.0170423984527588,0.10997279733419418,0.0,0.9815111756324768,0.0746413990855217
151,263,264,12861,12861,True,True,True,True,True,0.002539596986025572,0.011270280927419662,0.015804079920053473,0.02624465525150299,0.02718414179980755,0.062138933688402176,0.08335163444280624,0.14634034037590027,0.06071455776691437,0.0974968746304512,0.9485653638839722,18.399192810058594,0.0,1.013588309288025,0.10979010909795761,0.0,0.9825226664543152,0.07656604051589966
152,264,265,12861,12861,True,True,True,True,False,0.003060442628338933,0.008477670140564442,0.013343339972197997,0.025285741314291954,0.02676088735461235,0.060964640229940414,0.08166712075471876,0.1483495831489563,0.05817429721355438,0.09333576261997223,0.9496287107467651,18.58603286743164,0.0,1.0115573406219482,0.11018970608711243,0.0,0.9836347103118896,0.07610245048999786
153,265,266,12861,12861,True,True,True,True,False,0.004430967383086681,0.010643323883414268,0.019576934352517124,0.033063244074583054,0.027338458225131035,0.061093010008335114,0.0816911295056343,0.15167422592639923,0.0627090334892273,0.1006450355052948,0.9472211599349976,18.148700714111328,0.0,1.007814884185791,0.11028067022562027,0.0,0.9836863279342651,0.0788862556219101
154,266,267,12861,12861,True,True,True,True,False,0.003185114124789834,0.007820295169949532,0.014948529936373231,0.021265558898448944,0.026449447497725487,0.06011345610022545,0.08157069236040114,0.14838086068630219,0.059652142226696014,0.09566092491149902,0.9477772116661072,18.483360290527344,0.0,1.0120285749435425,0.10949062556028366,0.0,0.9829599857330322,0.07943780720233917
155,267,268,12861,12861,True,True,True,True,False,0.0035168034955859184,0.009364600293338299,0.014131511375308034,0.026636878028512,0.026735801249742508,0.05921086296439171,0.08048545867204655,0.1535094976425171,0.06071928143501282,0.09734104573726654,0.9475817680358887,18.300430297851562,0.0,1.0149815082550049,0.11004313081502914,0.0,0.9828133583068848,0.07940146327018738
156,268,269,12861,12861,True,True,True,True,False,0.003586504142731428,0.017328564077615738,0.021992816030979155,0.03104066662490368,0.0258316807448864,0.06260983645915985,0.07880421876907345,0.15504910051822662,0.05855070799589157,0.09405271708965302,0.9493838548660278,18.56513214111328,0.0,1.0115156173706055,0.10825198888778687,0.0,0.9807401299476624,0.0785544142127037
157,269,270,12861,12861,True,True,True,True,False,0.0038009071722626686,0.010147832334041595,0.015082180313765988,0.03382142633199692,0.02649717964231968,0.06554357707500458,0.0811774656176567,0.15744397044181824,0.05892341583967209,0.09455117583274841,0.9483585357666016,18.481487274169922,0.0,1.0168192386627197,0.10890643298625946,0.0,0.9820035099983215,0.08034204691648483
158,270,271,12861,12861,True,True,True,True,False,0.0047018867917358875,0.00947654526680708,0.020074041187763195,0.03710316866636276,0.025193948298692703,0.06605418771505356,0.08560634255409241,0.14060239493846893,0.056135404855012894,0.09021241217851639,0.9508727788925171,18.804962158203125,0.0,1.0135161876678467,0.10684634745121002,0.0,0.9844139218330383,0.07828526198863983
159,271,272,12861,12861,True,True,True,True,False,0.006679278798401356,0.014591253362596035,0.024088576808571807,0.042692866176366806,0.026695491746068,0.06980447471141815,0.08895966857671737,0.15939195454120636,0.0625825822353363,0.10057038068771362,0.9445878267288208,18.285415649414062,0.0,1.0105632543563843,0.10914751887321472,0.0,0.9822190403938293,0.08448772132396698
160,272,273,12861,12861,True,True,True,True,False,0.007943492382764816,0.014802452176809311,0.02020126581192014,0.033516775816679,0.026480603963136673,0.06456007808446884,0.0817648112773895,0.14218108355998993,0.06013345718383789,0.09683185815811157,0.9479225873947144,18.536457061767578,0.0,1.0077794790267944,0.106231190264225,0.0,0.981997013092041,0.08410501480102539
161,273,274,12861,12861,True,True,True,True,True,0.001533815637230873,0.007154278922826052,0.012298256903886761,0.019543958827853203,0.026418641209602356,0.06697715073823929,0.08415651917457578,0.14546135067939758,0.061838969588279724,0.09957972913980484,0.946241557598114,18.378097534179688,0.0,1.0088255405426025,0.10678256303071976,0.0,0.9812341332435608,0.08478830754756927
162,274,275,12861,12861,True,True,True,True,False,0.0021565062925219536,0.00434497743844986,0.007295578904449933,0.016162794083356857,0.026790328323841095,0.06755105406045914,0.08595280349254608,0.14905907213687897,0.061493806540966034,0.09907352924346924,0.9466586112976074,18.427711486816406,0.0,1.006217122077942,0.106724314391613,0.0,0.9800375699996948,0.0841778889298439
163,275,276,12861,12861,True,True,True,True,False,0.0018771657487377524,0.006286036688834429,0.010276224650442513,0.0275706946849823,0.026478733867406845,0.06845598667860031,0.08670233041048048,0.14990943670272827,0.062486134469509125,0.10064589977264404,0.9445508718490601,18.310787200927734,0.0,1.0072720050811768,0.10760803520679474,0.0,0.9844986796379089,0.08448329567909241
164,276,277,12861,12861,True,True,True,True,False,0.002117685740813613,0.005555789452046156,0.009251905232667917,0.026437286287546158,0.026539096608757973,0.07002334296703339,0.08906975239515305,0.14700885117053986,0.062018368393182755,0.10002991557121277,0.9457021951675415,18.440383911132812,0.0,1.0078377723693848,0.10654550045728683,0.0,0.9822646379470825,0.0851961001753807
165,277,278,12861,12861,True,True,True,True,False,0.0014959493419155478,0.005275986157357693,0.01103924177587031,0.03697279095649719,0.0266726054251194,0.06921662390232086,0.08758877813816068,0.1527351588010788,0.06264875829219818,0.10095830261707306,0.9443545937538147,18.33816146850586,0.0,1.005929708480835,0.10755551606416702,0.0,0.9808897972106934,0.08448949456214905
166,278,279,12861,12861,True,True,True,True,False,0.001644256990402937,0.006346014328300953,0.009430962987244126,0.03773448243737221,0.026710616424679756,0.07082609087228775,0.08955158442258833,0.14662186801433563,0.06248752400279045,0.10073141008615494,0.9451916217803955,18.45978546142578,0.0,1.0085949897766113,0.10648562014102936,0.0,0.9805073738098145,0.08507730811834335
167,279,280,12861,12861,True,True,True,True,False,0.0015987850492820144,0.005932534113526344,0.010040190815925595,0.04119504243135452,0.02662676014006138,0.07078668475151062,0.08964042514562606,0.15970566868782043,0.06313099712133408,0.10178053379058838,0.9437676668167114,18.339523315429688,0.0,1.0054254531860352,0.10746622830629349,0.0,0.9864391088485718,0.08474896103143692
168,280,281,12861,12861,True,True,True,True,False,0.00158963433932513,0.0064009991474449635,0.009637957438826547,0.040472447872161865,0.026845242828130722,0.0723821148276329,0.09174361824989317,0.14566826820373535,0.0633816197514534,0.10226142406463623,0.9449553489685059,18.441890716552734,0.0,1.006283164024353,0.10599412769079208,0.0,0.9812984466552734,0.08567503094673157
169,281,282,12861,12861,True,True,True,True,False,0.0015717102214694023,0.0057464223355054855,0.011159890145063349,0.03737780079245567,0.02682274580001831,0.07242529839277267,0.09103655666112898,0.16029123961925507,0.06331084668636322,0.10213217884302139,0.9440819621086121,18.419965744018555,0.0,1.0057791471481323,0.10649165511131287,0.0,0.9808017611503601,0.08524367958307266
170,282,283,12861,12861,True,True,True,True,False,0.0014863221440464258,0.005760600324720144,0.009944417513906949,0.03699292242527008,0.027126308530569077,0.07330971211194992,0.09240204244852065,0.1470157504081726,0.06347169727087021,0.102489173412323,0.9449727535247803,18.503154754638672,0.0,1.0066531896591187,0.1053655669093132,0.0,0.9764630198478699,0.08554335683584213
171,283,284,12861,12861,True,True,True,True,True,0.0013864368665963411,0.005069548264145851,0.008641915768384932,0.017432812601327896,0.027228418737649918,0.07485908269882202,0.09382765591144561,0.15165817737579346,0.06428544968366623,0.10376067459583282,0.9445282816886902,18.407548904418945,0.0,1.0150004625320435,0.10590284317731857,0.0,0.9795535802841187,0.08518250286579132
172,284,285,12861,12861,True,True,True,True,False,0.0013751296792179346,0.003410673700273037,0.005681727174669504,0.012112907133996487,0.02782760001718998,0.07584281265735626,0.09479943513870237,0.15259422361850739,0.06475125253200531,0.10457917302846909,0.9442031383514404,18.365615844726562,0.0,1.0084149837493896,0.10597536712884903,0.0,0.9852330088615417,0.08516693860292435
173,285,286,12861,12861,True,True,True,True,False,0.0011521454434841871,0.005143864080309868,0.009981412626802912,0.022188596427440643,0.027836693450808525,0.07657752186059952,0.09572290629148482,0.15815694630146027,0.06453415006399155,0.10427173972129822,0.9439995288848877,18.34653091430664,0.0,1.008962869644165,0.10645247995853424,0.0,0.9905968904495239,0.0847536101937294
174,286,287,12861,12861,True,True,True,True,False,0.001398673513904214,0.004101183731108904,0.007056208048015828,0.015356420539319515,0.02855566330254078,0.07772108167409897,0.09723191708326338,0.15090514719486237,0.064534030854702,0.1042628064751625,0.9444692134857178,18.404203414916992,0.0,1.0086148977279663,0.10572948306798935,0.0,0.983479917049408,0.08490117639303207
175,287,288,12861,12861,True,True,True,True,False,0.0009520555031485856,0.0049186754040420055,0.009202858433127393,0.01913302019238472,0.028394827619194984,0.07781090587377548,0.09714263677597042,0.160003662109375,0.06643745303153992,0.10738588869571686,0.9421509504318237,18.196701049804688,0.0,1.0065114498138428,0.1069948747754097,0.0,0.9832019209861755,0.08553631603717804
176,288,289,12861,12861,True,True,True,True,False,0.0011629201471805573,0.0052156588062644005,0.007826614193618263,0.014155212789773941,0.029104463756084442,0.07922277599573135,0.09845701456069944,0.15724137425422668,0.06634599715471268,0.10730873048305511,0.943070650100708,18.305511474609375,0.0,1.007433533668518,0.10576559603214264,0.0,0.9850678443908691,0.08630672842264175
177,289,290,12861,12861,True,True,True,True,False,0.0009577827877365053,0.00485078664496541,0.009037845954298964,0.029391281306743622,0.02890016883611679,0.0792480930685997,0.09832745194435118,0.16444671154022217,0.06725846976041794,0.10878169536590576,0.9420356750488281,18.16546058654785,0.0,1.00895094871521,0.10700339078903198,0.0,0.9849897027015686,0.08604232966899872
178,290,291,12861,12861,True,True,True,True,False,0.0013346459018066525,0.005596099887043238,0.00862327124923465,0.028386741876602173,0.029701661318540573,0.0804542750120163,0.10003928691148754,0.15491653978824615,0.06694039702415466,0.10831412672996521,0.9428724050521851,18.277498245239258,0.0,1.0083224773406982,0.1056685820221901,0.0,0.9860320687294006,0.0864425003528595
179,291,292,12861,12861,True,True,True,True,False,0.0010190217290073633,0.005088981706649065,0.009151855111122126,0.04295852780342102,0.02941747196018696,0.08095259219408035,0.09974802881479262,0.16990841925144196,0.06819462776184082,0.11038419604301453,0.9416323304176331,18.142765045166016,0.0,1.0076004266738892,0.10639026761054993,0.0,0.9921297430992126,0.08689194172620773
180,292,293,12861,12861,True,True,True,True,False,0.0014438197249546647,0.005724288057535887,0.0088226156309247,0.04184422641992569,0.0302739255130291,0.08175592869520187,0.10123210698366164,0.15501832962036133,0.06788715720176697,0.10990108549594879,0.9424785375595093,18.207942962646484,0.0,1.0070240497589111,0.10549935698509216,0.0,0.9856685400009155,0.0868605300784111
181,293,294,12861,12861,True,True,True,True,True,0.0013264199951663613,0.00421003857627511,0.007376900594681483,0.0256313756108284,0.03060089610517025,0.08364174515008926,0.10230758041143416,0.16160354018211365,0.06850461661815643,0.11091901361942291,0.9419310092926025,18.096078872680664,0.0,1.0161457061767578,0.10619321465492249,0.0,0.9878524541854858,0.08628273010253906
182,294,295,12861,12861,True,True,True,True,False,0.0009582107304595411,0.002180000999942422,0.004024460166692731,0.007900514639914036,0.031157784163951874,0.0843062624335289,0.10327939987182616,0.16235022246837616,0.06940050423145294,0.11238996684551239,0.941474199295044,18.016658782958984,0.0,1.0146129131317139,0.10617706179618835,0.0,0.9875589609146118,0.086732879281044
183,295,296,12861,12861,True,True,True,True,False,0.0010345004266127944,0.003209860762581229,0.006269426271319386,0.023388314992189407,0.03125717490911484,0.08477083593606949,0.10387120842933655,0.16717655956745148,0.0694703683257103,0.11258019506931305,0.9413204193115234,18.010425567626953,0.0,1.0117884874343872,0.10643493384122849,0.0,0.9863414168357849,0.08677463978528976
184,296,297,12861,12861,True,True,True,True,False,0.0008789810817688704,0.0025718105025589466,0.00449831057339906,0.02308063395321369,0.03187756985425949,0.08547179400920868,0.10478759258985516,0.16160161793231964,0.06944619864225388,0.11251436173915863,0.9415488243103027,18.026145935058594,0.0,1.0116140842437744,0.10592355579137802,0.0,0.9849870800971985,0.08717533200979233
185,297,298,12861,12861,True,True,True,True,False,0.0009335219510830939,0.002994135022163391,0.005656487308442587,0.02883789874613285,0.032098282128572464,0.08595003932714462,0.10510631352663038,0.168468177318573,0.07088284194469452,0.1149122416973114,0.9405356645584106,17.891464233398438,0.0,1.0157158374786377,0.10664644837379456,0.0,0.9872055053710938,0.08753673732280731
186,298,299,12861,12861,True,True,True,True,False,0.0008381697116419673,0.0034199447836726904,0.005343444366008039,0.028936335816979408,0.03250519931316376,0.08638536185026169,0.10537664145231244,0.1674317717552185,0.07053867727518082,0.11435484886169434,0.9412109851837158,17.95294189453125,0.0,1.0136374235153198,0.10569605976343155,0.0,0.9845792055130005,0.08711256086826324
187,299,300,12861,12861,True,True,True,True,False,0.0007080539944581687,0.0047801798209548,0.007444079034030431,0.044981155544519424,0.03259706869721413,0.08663543313741684,0.10539164543151854,0.17628073692321777,0.07292231917381287,0.11831213533878326,0.9390707015991211,17.70945167541504,0.0,1.016024112701416,0.10730043798685074,0.0,0.9876894950866699,0.08799777179956436
188,300,301,12861,12861,True,True,True,True,False,0.0010346496710553765,0.005073098931461573,0.007127899583429096,0.044713281095027924,0.03334866464138031,0.08723010122776031,0.1059841156005859,0.1685134768486023,0.07158204168081284,0.11605429649353027,0.9403328895568848,17.86727523803711,0.0,1.0138654708862305,0.1059364378452301,0.0,0.9827966094017029,0.08752215653657913
189,301,302,12861,12861,True,True,True,True,False,0.0009027169435285032,0.004693080671131611,0.007768854219466446,0.039289116859436035,0.033252354711294174,0.08716929703950882,0.10561356544494627,0.17477715015411377,0.07330119609832764,0.11893544346094131,0.9392498731613159,17.711074829101562,0.0,1.0151385068893433,0.1069277822971344,0.0,0.9875744581222534,0.08796033263206482
190,302,303,12861,12861,True,True,True,True,False,0.0012099285377189517,0.004695482086390257,0.00770093239843845,0.03879334405064583,0.033747345209121704,0.08692026138305664,0.10589459389448164,0.16978168487548828,0.07167942821979523,0.11623799800872803,0.9403237104415894,17.876981735229492,0.0,1.0128920078277588,0.10566569864749908,0.0,0.9822947978973389,0.08696581423282623
191,303,304,12861,12861,True,True,True,True,True,0.0015076490817591548,0.0035651708021759987,0.0071197677403688295,0.03376458212733269,0.03407376632094383,0.08771781623363495,0.10616883039474485,0.18171122670173645,0.07382820546627045,0.11972788721323013,0.9396624565124512,17.626338958740234,0.0,1.0155218839645386,0.10696101188659668,0.0,0.9913649559020996,0.08691498637199402
192,304,305,12861,12861,True,True,True,True,False,0.0008521017152816057,0.0022433113772422075,0.0034070139750838244,0.0055527896620333195,0.03451550379395485,0.0879858061671257,0.10690575689077374,0.18289053440093994,0.07416750490665436,0.12030810117721558,0.9392015933990479,17.586057662963867,0.0,1.0145708322525024,0.10730627179145813,0.0,0.983605682849884,0.08650694042444229
193,305,306,12861,12861,True,True,True,True,False,0.0007902937941253185,0.0024307731073349714,0.005407309439033265,0.028624296188354492,0.03502427786588669,0.08811423927545547,0.10682097971439361,0.17932824790477753,0.07341496646404266,0.1190868616104126,0.9396694898605347,17.64618682861328,0.0,1.0125480890274048,0.10714468359947205,0.0,0.9837489128112793,0.08530143648386002
