step,current_local,current_source,previous_state_local,previous_state_source,current_origin,previous_origin,target_source,template_local,template_origin,covariance_origin,template_boundary,previous_state_is_current_at_template_boundary,position_continuity_exact,pred_pos_finite,pred_cov_finite,PD_count,renderer_finite
1,0,113,0,113,initial canonical,initial canonical,114,0,canonical initial,initial canonical,False,False,True,True,True,12861,True
2,1,114,0,113,model prediction,initial canonical,115,0,canonical initial,initial canonical,False,False,True,True,True,12861,True
3,2,115,1,114,model prediction,model prediction,116,0,canonical initial,initial canonical,False,False,True,True,True,12861,True
4,3,116,2,115,model prediction,model prediction,117,0,canonical initial,initial canonical,False,False,True,True,True,12861,True
5,4,117,3,116,model prediction,model prediction,118,0,canonical initial,initial canonical,False,False,True,True,True,12861,True
6,5,118,4,117,model prediction,model prediction,119,0,canonical initial,initial canonical,False,False,True,True,True,12861,True
7,6,119,5,118,model prediction,model prediction,120,0,canonical initial,initial canonical,False,False,True,True,True,12861,True
8,7,120,6,119,model prediction,model prediction,121,0,canonical initial,initial canonical,False,False,True,True,True,12861,True
9,8,121,7,120,model prediction,model prediction,122,0,canonical initial,initial canonical,False,False,True,True,True,12861,True
10,9,122,8,121,model prediction,model prediction,123,0,canonical initial,initial canonical,False,False,True,True,True,12861,True
11,10,123,10,123,model prediction,model prediction,124,10,online model prediction,online model prediction,True,True,True,True,True,12861,True
12,11,124,10,123,model prediction,model prediction,125,10,online model prediction,online model prediction,False,False,True,True,True,12861,True
13,12,125,11,124,model prediction,model prediction,126,10,online model prediction,online model prediction,False,False,True,True,True,12861,True
14,13,126,12,125,model prediction,model prediction,127,10,online model prediction,online model prediction,False,False,True,True,True,12861,True
15,14,127,13,126,model prediction,model prediction,128,10,online model prediction,online model prediction,False,False,True,True,True,12861,True
16,15,128,14,127,model prediction,model prediction,129,10,online model prediction,online model prediction,False,False,True,True,True,12861,True
17,16,129,15,128,model prediction,model prediction,130,10,online model prediction,online model prediction,False,False,True,True,True,12861,True
18,17,130,16,129,model prediction,model prediction,131,10,online model prediction,online model prediction,False,False,True,True,True,12861,True
19,18,131,17,130,model prediction,model prediction,132,10,online model prediction,online model prediction,False,False,True,True,True,12861,True
20,19,132,18,131,model prediction,model prediction,133,10,online model prediction,online model prediction,False,False,True,True,True,12861,True
21,20,133,20,133,model prediction,model prediction,134,20,online model prediction,online model prediction,True,True,True,True,True,12861,True
22,21,134,20,133,model prediction,model prediction,135,20,online model prediction,online model prediction,False,False,True,True,True,12861,True
23,22,135,21,134,model prediction,model prediction,136,20,online model prediction,online model prediction,False,False,True,True,True,12861,True
24,23,136,22,135,model prediction,model prediction,137,20,online model prediction,online model prediction,False,False,True,True,True,12861,True
25,24,137,23,136,model prediction,model prediction,138,20,online model prediction,online model prediction,False,False,True,True,True,12861,True
26,25,138,24,137,model prediction,model prediction,139,20,online model prediction,online model prediction,False,False,True,True,True,12861,True
27,26,139,25,138,model prediction,model prediction,140,20,online model prediction,online model prediction,False,False,True,True,True,12861,True
28,27,140,26,139,model prediction,model prediction,141,20,online model prediction,online model prediction,False,False,True,True,True,12861,True
29,28,141,27,140,model prediction,model prediction,142,20,online model prediction,online model prediction,False,False,True,True,True,12861,True
30,29,142,28,141,model prediction,model prediction,143,20,online model prediction,online model prediction,False,False,True,True,True,12861,True
31,30,143,30,143,model prediction,model prediction,144,30,online model prediction,online model prediction,True,True,True,True,True,12861,True
32,31,144,30,143,model prediction,model prediction,145,30,online model prediction,online model prediction,False,False,True,True,True,12861,True
33,32,145,31,144,model prediction,model prediction,146,30,online model prediction,online model prediction,False,False,True,True,True,12861,True
34,33,146,32,145,model prediction,model prediction,147,30,online model prediction,online model prediction,False,False,True,True,True,12861,True
35,34,147,33,146,model prediction,model prediction,148,30,online model prediction,online model prediction,False,False,True,True,True,12861,True
36,35,148,34,147,model prediction,model prediction,149,30,online model prediction,online model prediction,False,False,True,True,True,12861,True
37,36,149,35,148,model prediction,model prediction,150,30,online model prediction,online model prediction,False,False,True,True,True,12861,True
38,37,150,36,149,model prediction,model prediction,151,30,online model prediction,online model prediction,False,False,True,True,True,12861,True
39,38,151,37,150,model prediction,model prediction,152,30,online model prediction,online model prediction,False,False,True,True,True,12861,True
40,39,152,38,151,model prediction,model prediction,153,30,online model prediction,online model prediction,False,False,True,True,True,12861,True
41,40,153,40,153,model prediction,model prediction,154,40,online model prediction,online model prediction,True,True,True,True,True,12861,True
42,41,154,40,153,model prediction,model prediction,155,40,online model prediction,online model prediction,False,False,True,True,True,12861,True
43,42,155,41,154,model prediction,model prediction,156,40,online model prediction,online model prediction,False,False,True,True,True,12861,True
44,43,156,42,155,model prediction,model prediction,157,40,online model prediction,online model prediction,False,False,True,True,True,12861,True
45,44,157,43,156,model prediction,model prediction,158,40,online model prediction,online model prediction,False,False,True,True,True,12861,True
46,45,158,44,157,model prediction,model prediction,159,40,online model prediction,online model prediction,False,False,True,True,True,12861,True
47,46,159,45,158,model prediction,model prediction,160,40,online model prediction,online model prediction,False,False,True,True,True,12861,True
48,47,160,46,159,model prediction,model prediction,161,40,online model prediction,online model prediction,False,False,True,True,True,12861,True
49,48,161,47,160,model prediction,model prediction,162,40,online model prediction,online model prediction,False,False,True,True,True,12861,True
50,49,162,48,161,model prediction,model prediction,163,40,online model prediction,online model prediction,False,False,True,True,True,12861,True
51,50,163,50,163,model prediction,model prediction,164,50,online model prediction,online model prediction,True,True,True,True,True,12861,True
52,51,164,50,163,model prediction,model prediction,165,50,online model prediction,online model prediction,False,False,True,True,True,12861,True
53,52,165,51,164,model prediction,model prediction,166,50,online model prediction,online model prediction,False,False,True,True,True,12861,True
54,53,166,52,165,model prediction,model prediction,167,50,online model prediction,online model prediction,False,False,True,True,True,12861,True
55,54,167,53,166,model prediction,model prediction,168,50,online model prediction,online model prediction,False,False,True,True,True,12861,True
56,55,168,54,167,model prediction,model prediction,169,50,online model prediction,online model prediction,False,False,True,True,True,12861,True
57,56,169,55,168,model prediction,model prediction,170,50,online model prediction,online model prediction,False,False,True,True,True,12861,True
58,57,170,56,169,model prediction,model prediction,171,50,online model prediction,online model prediction,False,False,True,True,True,12861,True
59,58,171,57,170,model prediction,model prediction,172,50,online model prediction,online model prediction,False,False,True,True,True,12861,True
60,59,172,58,171,model prediction,model prediction,173,50,online model prediction,online model prediction,False,False,True,True,True,12861,True
61,60,173,60,173,model prediction,model prediction,174,60,online model prediction,online model prediction,True,True,True,True,True,12861,True
62,61,174,60,173,model prediction,model prediction,175,60,online model prediction,online model prediction,False,False,True,True,True,12861,True
63,62,175,61,174,model prediction,model prediction,176,60,online model prediction,online model prediction,False,False,True,True,True,12861,True
64,63,176,62,175,model prediction,model prediction,177,60,online model prediction,online model prediction,False,False,True,True,True,12861,True
65,64,177,63,176,model prediction,model prediction,178,60,online model prediction,online model prediction,False,False,True,True,True,12861,True
66,65,178,64,177,model prediction,model prediction,179,60,online model prediction,online model prediction,False,False,True,True,True,12861,True
67,66,179,65,178,model prediction,model prediction,180,60,online model prediction,online model prediction,False,False,True,True,True,12861,True
68,67,180,66,179,model prediction,model prediction,181,60,online model prediction,online model prediction,False,False,True,True,True,12861,True
69,68,181,67,180,model prediction,model prediction,182,60,online model prediction,online model prediction,False,False,True,True,True,12861,True
70,69,182,68,181,model prediction,model prediction,183,60,online model prediction,online model prediction,False,False,True,True,True,12861,True
71,70,183,70,183,model prediction,model prediction,184,70,online model prediction,online model prediction,True,True,True,True,True,12861,True
72,71,184,70,183,model prediction,model prediction,185,70,online model prediction,online model prediction,False,False,True,True,True,12861,True
73,72,185,71,184,model prediction,model prediction,186,70,online model prediction,online model prediction,False,False,True,True,True,12861,True
74,73,186,72,185,model prediction,model prediction,187,70,online model prediction,online model prediction,False,False,True,True,True,12861,True
75,74,187,73,186,model prediction,model prediction,188,70,online model prediction,online model prediction,False,False,True,True,True,12861,True
76,75,188,74,187,model prediction,model prediction,189,70,online model prediction,online model prediction,False,False,True,True,True,12861,True
77,76,189,75,188,model prediction,model prediction,190,70,online model prediction,online model prediction,False,False,True,True,True,12861,True
78,77,190,76,189,model prediction,model prediction,191,70,online model prediction,online model prediction,False,False,True,True,True,12861,True
79,78,191,77,190,model prediction,model prediction,192,70,online model prediction,online model prediction,False,False,True,True,True,12861,True
80,79,192,78,191,model prediction,model prediction,193,70,online model prediction,online model prediction,False,False,True,True,True,12861,True
81,80,193,80,193,model prediction,model prediction,194,80,online model prediction,online model prediction,True,True,True,True,True,12861,True
82,81,194,80,193,model prediction,model prediction,195,80,online model prediction,online model prediction,False,False,True,True,True,12861,True
83,82,195,81,194,model prediction,model prediction,196,80,online model prediction,online model prediction,False,False,True,True,True,12861,True
84,83,196,82,195,model prediction,model prediction,197,80,online model prediction,online model prediction,False,False,True,True,True,12861,True
85,84,197,83,196,model prediction,model prediction,198,80,online model prediction,online model prediction,False,False,True,True,True,12861,True
86,85,198,84,197,model prediction,model prediction,199,80,online model prediction,online model prediction,False,False,True,True,True,12861,True
87,86,199,85,198,model prediction,model prediction,200,80,online model prediction,online model prediction,False,False,True,True,True,12861,True
88,87,200,86,199,model prediction,model prediction,201,80,online model prediction,online model prediction,False,False,True,True,True,12861,True
89,88,201,87,200,model prediction,model prediction,202,80,online model prediction,online model prediction,False,False,True,True,True,12861,True
90,89,202,88,201,model prediction,model prediction,203,80,online model prediction,online model prediction,False,False,True,True,True,12861,True
91,90,203,90,203,model prediction,model prediction,204,90,online model prediction,online model prediction,True,True,True,True,True,12861,True
92,91,204,90,203,model prediction,model prediction,205,90,online model prediction,online model prediction,False,False,True,True,True,12861,True
93,92,205,91,204,model prediction,model prediction,206,90,online model prediction,online model prediction,False,False,True,True,True,12861,True
94,93,206,92,205,model prediction,model prediction,207,90,online model prediction,online model prediction,False,False,True,True,True,12861,True
95,94,207,93,206,model prediction,model prediction,208,90,online model prediction,online model prediction,False,False,True,True,True,12861,True
96,95,208,94,207,model prediction,model prediction,209,90,online model prediction,online model prediction,False,False,True,True,True,12861,True
97,96,209,95,208,model prediction,model prediction,210,90,online model prediction,online model prediction,False,False,True,True,True,12861,True
98,97,210,96,209,model prediction,model prediction,211,90,online model prediction,online model prediction,False,False,True,True,True,12861,True
99,98,211,97,210,model prediction,model prediction,212,90,online model prediction,online model prediction,False,False,True,True,True,12861,True
100,99,212,98,211,model prediction,model prediction,213,90,online model prediction,online model prediction,False,False,True,True,True,12861,True
101,100,213,100,213,model prediction,model prediction,214,100,online model prediction,online model prediction,True,True,True,True,True,12861,True
102,101,214,100,213,model prediction,model prediction,215,100,online model prediction,online model prediction,False,False,True,True,True,12861,True
103,102,215,101,214,model prediction,model prediction,216,100,online model prediction,online model prediction,False,False,True,True,True,12861,True
104,103,216,102,215,model prediction,model prediction,217,100,online model prediction,online model prediction,False,False,True,True,True,12861,True
105,104,217,103,216,model prediction,model prediction,218,100,online model prediction,online model prediction,False,False,True,True,True,12861,True
106,105,218,104,217,model prediction,model prediction,219,100,online model prediction,online model prediction,False,False,True,True,True,12861,True
107,106,219,105,218,model prediction,model prediction,220,100,online model prediction,online model prediction,False,False,True,True,True,12861,True
108,107,220,106,219,model prediction,model prediction,221,100,online model prediction,online model prediction,False,False,True,True,True,12861,True
109,108,221,107,220,model prediction,model prediction,222,100,online model prediction,online model prediction,False,False,True,True,True,12861,True
110,109,222,108,221,model prediction,model prediction,223,100,online model prediction,online model prediction,False,False,True,True,True,12861,True
111,110,223,110,223,model prediction,model prediction,224,110,online model prediction,online model prediction,True,True,True,True,True,12861,True
112,111,224,110,223,model prediction,model prediction,225,110,online model prediction,online model prediction,False,False,True,True,True,12861,True
113,112,225,111,224,model prediction,model prediction,226,110,online model prediction,online model prediction,False,False,True,True,True,12861,True
114,113,226,112,225,model prediction,model prediction,227,110,online model prediction,online model prediction,False,False,True,True,True,12861,True
115,114,227,113,226,model prediction,model prediction,228,110,online model prediction,online model prediction,False,False,True,True,True,12861,True
116,115,228,114,227,model prediction,model prediction,229,110,online model prediction,online model prediction,False,False,True,True,True,12861,True
117,116,229,115,228,model prediction,model prediction,230,110,online model prediction,online model prediction,False,False,True,True,True,12861,True
118,117,230,116,229,model prediction,model prediction,231,110,online model prediction,online model prediction,False,False,True,True,True,12861,True
119,118,231,117,230,model prediction,model prediction,232,110,online model prediction,online model prediction,False,False,True,True,True,12861,True
120,119,232,118,231,model prediction,model prediction,233,110,online model prediction,online model prediction,False,False,True,True,True,12861,True
121,120,233,120,233,model prediction,model prediction,234,120,online model prediction,online model prediction,True,True,True,True,True,12861,True
122,121,234,120,233,model prediction,model prediction,235,120,online model prediction,online model prediction,False,False,True,True,True,12861,True
123,122,235,121,234,model prediction,model prediction,236,120,online model prediction,online model prediction,False,False,True,True,True,12861,True
124,123,236,122,235,model prediction,model prediction,237,120,online model prediction,online model prediction,False,False,True,True,True,12861,True
125,124,237,123,236,model prediction,model prediction,238,120,online model prediction,online model prediction,False,False,True,True,True,12861,True
126,125,238,124,237,model prediction,model prediction,239,120,online model prediction,online model prediction,False,False,True,True,True,12861,True
127,126,239,125,238,model prediction,model prediction,240,120,online model prediction,online model prediction,False,False,True,True,True,12861,True
128,127,240,126,239,model prediction,model prediction,241,120,online model prediction,online model prediction,False,False,True,True,True,12861,True
129,128,241,127,240,model prediction,model prediction,242,120,online model prediction,online model prediction,False,False,True,True,True,12861,True
130,129,242,128,241,model prediction,model prediction,243,120,online model prediction,online model prediction,False,False,True,True,True,12861,True
131,130,243,130,243,model prediction,model prediction,244,130,online model prediction,online model prediction,True,True,True,True,True,12861,True
132,131,244,130,243,model prediction,model prediction,245,130,online model prediction,online model prediction,False,False,True,True,True,12861,True
133,132,245,131,244,model prediction,model prediction,246,130,online model prediction,online model prediction,False,False,True,True,True,12861,True
134,133,246,132,245,model prediction,model prediction,247,130,online model prediction,online model prediction,False,False,True,True,True,12861,True
135,134,247,133,246,model prediction,model prediction,248,130,online model prediction,online model prediction,False,False,True,True,True,12861,True
136,135,248,134,247,model prediction,model prediction,249,130,online model prediction,online model prediction,False,False,True,True,True,12861,True
137,136,249,135,248,model prediction,model prediction,250,130,online model prediction,online model prediction,False,False,True,True,True,12861,True
138,137,250,136,249,model prediction,model prediction,251,130,online model prediction,online model prediction,False,False,True,True,True,12861,True
139,138,251,137,250,model prediction,model prediction,252,130,online model prediction,online model prediction,False,False,True,True,True,12861,True
140,139,252,138,251,model prediction,model prediction,253,130,online model prediction,online model prediction,False,False,True,True,True,12861,True
141,140,253,140,253,model prediction,model prediction,254,140,online model prediction,online model prediction,True,True,True,True,True,12861,True
142,141,254,140,253,model prediction,model prediction,255,140,online model prediction,online model prediction,False,False,True,True,True,12861,True
143,142,255,141,254,model prediction,model prediction,256,140,online model prediction,online model prediction,False,False,True,True,True,12861,True
144,143,256,142,255,model prediction,model prediction,257,140,online model prediction,online model prediction,False,False,True,True,True,12861,True
145,144,257,143,256,model prediction,model prediction,258,140,online model prediction,online model prediction,False,False,True,True,True,12861,True
146,145,258,144,257,model prediction,model prediction,259,140,online model prediction,online model prediction,False,False,True,True,True,12861,True
147,146,259,145,258,model prediction,model prediction,260,140,online model prediction,online model prediction,False,False,True,True,True,12861,True
148,147,260,146,259,model prediction,model prediction,261,140,online model prediction,online model prediction,False,False,True,True,True,12861,True
149,148,261,147,260,model prediction,model prediction,262,140,online model prediction,online model prediction,False,False,True,True,True,12861,True
150,149,262,148,261,model prediction,model prediction,263,140,online model prediction,online model prediction,False,False,True,True,True,12861,True
151,150,263,150,263,model prediction,model prediction,264,150,online model prediction,online model prediction,True,True,True,True,True,12861,True
152,151,264,150,263,model prediction,model prediction,265,150,online model prediction,online model prediction,False,False,True,True,True,12861,True
153,152,265,151,264,model prediction,model prediction,266,150,online model prediction,online model prediction,False,False,True,True,True,12861,True
154,153,266,152,265,model prediction,model prediction,267,150,online model prediction,online model prediction,False,False,True,True,True,12861,True
155,154,267,153,266,model prediction,model prediction,268,150,online model prediction,online model prediction,False,False,True,True,True,12861,True
156,155,268,154,267,model prediction,model prediction,269,150,online model prediction,online model prediction,False,False,True,True,True,12861,True
157,156,269,155,268,model prediction,model prediction,270,150,online model prediction,online model prediction,False,False,True,True,True,12861,True
158,157,270,156,269,model prediction,model prediction,271,150,online model prediction,online model prediction,False,False,True,True,True,12861,True
159,158,271,157,270,model prediction,model prediction,272,150,online model prediction,online model prediction,False,False,True,True,True,12861,True
160,159,272,158,271,model prediction,model prediction,273,150,online model prediction,online model prediction,False,False,True,True,True,12861,True
161,160,273,160,273,model prediction,model prediction,274,160,online model prediction,online model prediction,True,True,True,True,True,12861,True
162,161,274,160,273,model prediction,model prediction,275,160,online model prediction,online model prediction,False,False,True,True,True,12861,True
163,162,275,161,274,model prediction,model prediction,276,160,online model prediction,online model prediction,False,False,True,True,True,12861,True
164,163,276,162,275,model prediction,model prediction,277,160,online model prediction,online model prediction,False,False,True,True,True,12861,True
165,164,277,163,276,model prediction,model prediction,278,160,online model prediction,online model prediction,False,False,True,True,True,12861,True
166,165,278,164,277,model prediction,model prediction,279,160,online model prediction,online model prediction,False,False,True,True,True,12861,True
167,166,279,165,278,model prediction,model prediction,280,160,online model prediction,online model prediction,False,False,True,True,True,12861,True
168,167,280,166,279,model prediction,model prediction,281,160,online model prediction,online model prediction,False,False,True,True,True,12861,True
169,168,281,167,280,model prediction,model prediction,282,160,online model prediction,online model prediction,False,False,True,True,True,12861,True
170,169,282,168,281,model prediction,model prediction,283,160,online model prediction,online model prediction,False,False,True,True,True,12861,True
171,170,283,170,283,model prediction,model prediction,284,170,online model prediction,online model prediction,True,True,True,True,True,12861,True
172,171,284,170,283,model prediction,model prediction,285,170,online model prediction,online model prediction,False,False,True,True,True,12861,True
173,172,285,171,284,model prediction,model prediction,286,170,online model prediction,online model prediction,False,False,True,True,True,12861,True
174,173,286,172,285,model prediction,model prediction,287,170,online model prediction,online model prediction,False,False,True,True,True,12861,True
175,174,287,173,286,model prediction,model prediction,288,170,online model prediction,online model prediction,False,False,True,True,True,12861,True
176,175,288,174,287,model prediction,model prediction,289,170,online model prediction,online model prediction,False,False,True,True,True,12861,True
177,176,289,175,288,model prediction,model prediction,290,170,online model prediction,online model prediction,False,False,True,True,True,12861,True
178,177,290,176,289,model prediction,model prediction,291,170,online model prediction,online model prediction,False,False,True,True,True,12861,True
179,178,291,177,290,model prediction,model prediction,292,170,online model prediction,online model prediction,False,False,True,True,True,12861,True
180,179,292,178,291,model prediction,model prediction,293,170,online model prediction,online model prediction,False,False,True,True,True,12861,True
181,180,293,180,293,model prediction,model prediction,294,180,online model prediction,online model prediction,True,True,True,True,True,12861,True
182,181,294,180,293,model prediction,model prediction,295,180,online model prediction,online model prediction,False,False,True,True,True,12861,True
183,182,295,181,294,model prediction,model prediction,296,180,online model prediction,online model prediction,False,False,True,True,True,12861,True
184,183,296,182,295,model prediction,model prediction,297,180,online model prediction,online model prediction,False,False,True,True,True,12861,True
185,184,297,183,296,model prediction,model prediction,298,180,online model prediction,online model prediction,False,False,True,True,True,12861,True
186,185,298,184,297,model prediction,model prediction,299,180,online model prediction,online model prediction,False,False,True,True,True,12861,True
187,186,299,185,298,model prediction,model prediction,300,180,online model prediction,online model prediction,False,False,True,True,True,12861,True
188,187,300,186,299,model prediction,model prediction,301,180,online model prediction,online model prediction,False,False,True,True,True,12861,True
189,188,301,187,300,model prediction,model prediction,302,180,online model prediction,online model prediction,False,False,True,True,True,12861,True
190,189,302,188,301,model prediction,model prediction,303,180,online model prediction,online model prediction,False,False,True,True,True,12861,True
191,190,303,190,303,model prediction,model prediction,304,190,online model prediction,online model prediction,True,True,True,True,True,12861,True
192,191,304,190,303,model prediction,model prediction,305,190,online model prediction,online model prediction,False,False,True,True,True,12861,True
193,192,305,191,304,model prediction,model prediction,306,190,online model prediction,online model prediction,False,False,True,True,True,12861,True
